"","p_val","avg_log2FC","pct.1","pct.2","p_val_adj","cluster","gene"
"PLPPR1",0,-0.258109264061304,0.304,0.598,0,"0","PLPPR1"
"SLC2A5",0,-0.274137276891755,0.526,0.784,0,"0","SLC2A5"
"ANLN",0,-0.281210624257316,0.385,0.653,0,"0","ANLN"
"IGFBP3",0,-0.380572192473132,0.405,0.693,0,"0","IGFBP3"
"SPRY1",0,-0.39653966655179,0.503,0.767,0,"0","SPRY1"
"ADAP2",0,-0.432538035397257,0.539,0.811,0,"0","ADAP2"
"FRMD4B",0,-0.468102193194766,0.545,0.807,0,"0","FRMD4B"
"OLIG1",0,-0.507957304184383,0.38,0.651,0,"0","OLIG1"
"IER3",0,-0.549732653629971,0.447,0.713,0,"0","IER3"
"DUSP6",0,-0.627214243717466,0.539,0.848,0,"0","DUSP6"
"TXNIP",0,-0.658889430907848,0.512,0.775,0,"0","TXNIP"
"DAB2",0,-0.678454528682909,0.43,0.719,0,"0","DAB2"
"CCND1",0,-0.795749124321526,0.497,0.777,0,"0","CCND1"
"CENPF",0,-0.853325787129924,0.416,0.67,0,"0","CENPF"
"MFAP4",0,0.336149819195983,0.881,0.625,0,"1","MFAP4"
"CSF1R",0,-0.299904726714603,0.393,0.7,0,"1","CSF1R"
"CEBPD",0,-0.519867848580172,0.502,0.772,0,"1","CEBPD"
"TREM2",0,-0.624878998279143,0.47,0.741,0,"1","TREM2"
"APOE",0,-2.00501546665481,0.548,0.82,0,"1","APOE"
"NKAIN4",0,-0.363456696069368,0.316,0.572,0,"2","NKAIN4"
"ATP1B2",0,-0.470681887411075,0.513,0.768,0,"2","ATP1B2"
"NTM",0,-0.492311184749728,0.425,0.693,0,"2","NTM"
"BEX1",0,-0.716520488061428,0.444,0.71,0,"2","BEX1"
"PAFAH1B3",0,-0.859665532879508,0.483,0.764,0,"2","PAFAH1B3"
"NFIA",0,-0.931125404431576,0.583,0.849,0,"2","NFIA"
"STMN1",0,-1.53791409372676,0.579,0.835,0,"2","STMN1"
"S100B",0,-1.59501955569547,0.623,0.875,0,"2","S100B"
"STMN2",0,0.332415732708745,0.82,0.552,0,"3","STMN2"
"TREM2.1",0,-0.285867589138346,0.927,0.666,0,"3","TREM2"
"DAB2.1",0,-0.298456083061662,0.912,0.625,0,"3","DAB2"
"CP",0,-0.338729843480672,0.947,0.683,0,"3","CP"
"CCL3L1",0,-0.441945947559869,0.915,0.659,0,"3","CCL3L1"
"MT1M",3.04399385025218e-29,-0.320089791591514,0.904,0.631,6.08798770050437e-26,"3","MT1M"
"HIST1H4C",0,2.11130153174002,0.923,0.599,0,"4","HIST1H4C"
"PCLAF",0,2.06068560230723,0.94,0.681,0,"4","PCLAF"
"PCNA",0,1.68707081227717,0.918,0.653,0,"4","PCNA"
"HMGB2",0,1.6691009788682,0.972,0.639,0,"4","HMGB2"
"CLSPN",0,1.42379597297831,0.839,0.588,0,"4","CLSPN"
"TYMS",0,1.40661237821634,0.924,0.617,0,"4","TYMS"
"CENPU",0,1.29987418908415,0.838,0.542,0,"4","CENPU"
"UBE2T",0,1.29528704449883,0.829,0.536,0,"4","UBE2T"
"MCM7",0,1.22406380332878,0.851,0.524,0,"4","MCM7"
"ORC6",0,1.11275767723778,0.843,0.569,0,"4","ORC6"
"EZH2",0,1.10898686337653,0.952,0.649,0,"4","EZH2"
"RRM2",0,1.0803605760085,0.858,0.525,0,"4","RRM2"
"UBE2C",0,0.971372804665719,0.902,0.637,0,"4","UBE2C"
"TMPO",0,0.87366621773479,0.908,0.585,0,"4","TMPO"
"FBXO5",0,0.80460796266336,0.92,0.625,0,"4","FBXO5"
"BEX1.1",0,0.761662637669883,0.926,0.645,0,"4","BEX1"
"DNAJC9",0,0.732669030269358,0.868,0.601,0,"4","DNAJC9"
"DBF4",0,0.71967127128436,0.861,0.567,0,"4","DBF4"
"NCAPG",0,0.717624146837062,0.869,0.575,0,"4","NCAPG"
"CENPH",0,0.647622768564392,0.794,0.515,0,"4","CENPH"
"H2AFX",0,0.62332493784346,0.84,0.569,0,"4","H2AFX"
"LMNB1",0,0.613789232072601,0.864,0.6,0,"4","LMNB1"
"ASRGL1",0,0.610295762079573,0.82,0.547,0,"4","ASRGL1"
"PHF19",0,0.569542887936339,0.952,0.69,0,"4","PHF19"
"FANCI",0,0.539487542326685,0.756,0.494,0,"4","FANCI"
"ASPM",0,0.533442810267465,0.86,0.586,0,"4","ASPM"
"WDR34",0,0.516435701562552,0.843,0.585,0,"4","WDR34"
"NRXN1",0,0.486893788643731,0.939,0.663,0,"4","NRXN1"
"FAM111A",0,0.406347978688466,0.848,0.566,0,"4","FAM111A"
"PKMYT1",0,0.360911813179486,0.746,0.495,0,"4","PKMYT1"
"PLAT",0,0.35166523272073,0.884,0.62,0,"4","PLAT"
"GAS1",0,0.350669886723779,0.889,0.572,0,"4","GAS1"
"OLFM1",0,0.285716187926181,0.753,0.5,0,"4","OLFM1"
"C2orf80",0,0.27634085338535,0.863,0.581,0,"4","C2orf80"
"DAB2.2",0,2.26297480471,0.92,0.631,0,"5","DAB2"
"DUSP1",0,1.92926645591385,0.925,0.666,0,"5","DUSP1"
"MEF2C",0,1.86026929230833,0.893,0.553,0,"5","MEF2C"
"CORO1A",0,1.78728179390552,0.875,0.616,0,"5","CORO1A"
"CTSZ",0,1.61890805818352,0.863,0.544,0,"5","CTSZ"
"MARCH1",0,1.5821963831178,0.903,0.631,0,"5","MARCH1"
"COTL1",0,1.44191440400719,0.881,0.586,0,"5","COTL1"
"FXYD5",0,1.20146830299829,0.783,0.462,0,"5","FXYD5"
"EPB41L3",0,0.912699211951911,0.792,0.541,0,"5","EPB41L3"
"AHNAK",0,-0.255740847771631,0.522,0.846,0,"5","AHNAK"
"CAVIN3",0,-0.257480890123867,0.525,0.88,0,"5","CAVIN3"
"NDP",0,-0.26663463614243,0.294,0.781,0,"5","NDP"
"SORT1",0,-0.267738115514229,0.442,0.705,0,"5","SORT1"
"CA9",0,-0.272077223612381,0.426,0.7,0,"5","CA9"
"ANGPTL2",0,-0.272175157118853,0.259,0.619,0,"5","ANGPTL2"
"OAF",0,-0.278751433421707,0.546,0.807,0,"5","OAF"
"CXCL2",0,-0.280128717094917,0.394,0.821,0,"5","CXCL2"
"EPHA4",0,-0.283606669714472,0.313,0.706,0,"5","EPHA4"
"SFRP4",0,-0.283973841363424,0.52,0.776,0,"5","SFRP4"
"NPTX1",0,-0.285512634030542,0.376,0.794,0,"5","NPTX1"
"OLFM2",0,-0.286360551956114,0.375,0.632,0,"5","OLFM2"
"RGS3",0,-0.287127398313615,0.525,0.784,0,"5","RGS3"
"CLDN5",0,-0.287259987125435,0.191,0.684,0,"5","CLDN5"
"ACTA2",0,-0.290674747282843,0.47,0.736,0,"5","ACTA2"
"ADGRL2",0,-0.291746563086423,0.309,0.839,0,"5","ADGRL2"
"NNAT",0,-0.292312501951183,0.254,0.601,0,"5","NNAT"
"ARSJ",0,-0.293564005181535,0.481,0.784,0,"5","ARSJ"
"MYBPC1",0,-0.294576816664754,0.288,0.758,0,"5","MYBPC1"
"ADAM12",0,-0.294852380803188,0.496,0.83,0,"5","ADAM12"
"HAPLN1",0,-0.298288492967698,0.422,0.811,0,"5","HAPLN1"
"AC009041.2",0,-0.298357864974634,0.269,0.613,0,"5","AC009041.2"
"PEG3",0,-0.302783344079778,0.357,0.63,0,"5","PEG3"
"GRB10",0,-0.304719975841401,0.425,0.689,0,"5","GRB10"
"GAS1.1",0,-0.310453256389812,0.337,0.634,0,"5","GAS1"
"F2R",0,-0.311487905163344,0.267,0.66,0,"5","F2R"
"DPYSL5",0,-0.315414796965859,0.311,0.698,0,"5","DPYSL5"
"SERPINE1",0,-0.320718803197653,0.336,0.76,0,"5","SERPINE1"
"BBOX1",0,-0.326359590041731,0.308,0.766,0,"5","BBOX1"
"HP",0,-0.330663815196175,0.577,0.845,0,"5","HP"
"VCAN",0,-0.335734733480589,0.664,0.937,0,"5","VCAN"
"FABP3",0,-0.338528923188013,0.549,0.87,0,"5","FABP3"
"MYL9",0,-0.345789265140412,0.52,0.809,0,"5","MYL9"
"CSF1",0,-0.352348180630037,0.497,0.803,0,"5","CSF1"
"BGN",0,-0.363049497820346,0.464,0.734,0,"5","BGN"
"XAF1",0,-0.371302147507106,0.559,0.883,0,"5","XAF1"
"LZTS1",0,-0.373995737737953,0.561,0.811,0,"5","LZTS1"
"CALCRL",0,-0.375059049853681,0.361,0.673,0,"5","CALCRL"
"IL33",0,-0.384836260545497,0.434,0.837,0,"5","IL33"
"MFSD2A",0,-0.388199363954343,0.455,0.772,0,"5","MFSD2A"
"BAALC-AS1",0,-0.388810492900807,0.578,0.839,0,"5","BAALC-AS1"
"CPD",0,-0.389750191638456,0.389,0.794,0,"5","CPD"
"ATP1B1",0,-0.397857192587756,0.407,0.699,0,"5","ATP1B1"
"RDH10",0,-0.401318930284535,0.554,0.819,0,"5","RDH10"
"BIRC3",0,-0.403814357221984,0.443,0.779,0,"5","BIRC3"
"APOL2",0,-0.406867133161363,0.549,0.82,0,"5","APOL2"
"MFGE8",0,-0.409843290179796,0.415,0.682,0,"5","MFGE8"
"UGT8",0,-0.4107545668177,0.209,0.598,0,"5","UGT8"
"DCX",0,-0.413854843843003,0.267,0.6,0,"5","DCX"
"NFASC",0,-0.417037144775299,0.375,0.659,0,"5","NFASC"
"PBK",0,-0.421724439972882,0.444,0.722,0,"5","PBK"
"SLC12A2",0,-0.431377212365916,0.505,0.758,0,"5","SLC12A2"
"JAG1",0,-0.432498015508813,0.481,0.825,0,"5","JAG1"
"MDFI",0,-0.440696811644003,0.218,0.751,0,"5","MDFI"
"AC004158.1",0,-0.445897795496213,0.395,0.689,0,"5","AC004158.1"
"PALM2-AKAP2",0,-0.450440598549248,0.488,0.851,0,"5","PALM2-AKAP2"
"ZBTB16",0,-0.452496601920863,0.421,0.817,0,"5","ZBTB16"
"DDX39A",0,-0.464388723623478,0.546,0.82,0,"5","DDX39A"
"ENC1",0,-0.466017900849836,0.45,0.79,0,"5","ENC1"
"PRSS23",0,-0.467889750179968,0.54,0.809,0,"5","PRSS23"
"DCLK1",0,-0.469637334122557,0.559,0.813,0,"5","DCLK1"
"RGS17",0,-0.47100828846773,0.429,0.741,0,"5","RGS17"
"EDNRB",0,-0.476077912246693,0.549,0.866,0,"5","EDNRB"
"CXCL11",0,-0.479031277148058,0.554,0.855,0,"5","CXCL11"
"DCBLD2",0,-0.48133974300122,0.526,0.874,0,"5","DCBLD2"
"METRN",0,-0.482863536440168,0.365,0.635,0,"5","METRN"
"IFI27",0,-0.48447120705121,0.461,0.854,0,"5","IFI27"
"ABCC3",0,-0.489725648089543,0.524,0.88,0,"5","ABCC3"
"AL390755.1",0,-0.491348776207146,0.508,0.808,0,"5","AL390755.1"
"DNER",0,-0.496181627106527,0.301,0.666,0,"5","DNER"
"WARS",0,-0.499121318710887,0.569,0.838,0,"5","WARS"
"CRISPLD1",0,-0.499352085707093,0.417,0.77,0,"5","CRISPLD1"
"MAOB",0,-0.501379388471184,0.512,0.824,0,"5","MAOB"
"IRF1",0,-0.503930468165565,0.449,0.737,0,"5","IRF1"
"RGMA",0,-0.51041771907931,0.431,0.762,0,"5","RGMA"
"ERMN",0,-0.510804689500219,0.353,0.625,0,"5","ERMN"
"CDC42EP4",0,-0.518273925367319,0.467,0.78,0,"5","CDC42EP4"
"HES1",0,-0.521259116891751,0.401,0.761,0,"5","HES1"
"LHFPL6",0,-0.521843662485933,0.529,0.8,0,"5","LHFPL6"
"TIPARP",0,-0.526390547915004,0.566,0.9,0,"5","TIPARP"
"CD82",0,-0.53018641539019,0.457,0.779,0,"5","CD82"
"SERPINH1",0,-0.530484347552361,0.547,0.866,0,"5","SERPINH1"
"OLIG1.1",0,-0.543596464144388,0.371,0.621,0,"5","OLIG1"
"MT1M.1",0,-0.556243803389745,0.389,0.694,0,"5","MT1M"
"CITED1",0,-0.560947649824939,0.481,0.739,0,"5","CITED1"
"SOCS2",0,-0.561279177338217,0.509,0.77,0,"5","SOCS2"
"SLC44A1",0,-0.567406590605316,0.378,0.703,0,"5","SLC44A1"
"SERPING1",0,-0.570632474096427,0.444,0.861,0,"5","SERPING1"
"LRATD1",0,-0.571874063854684,0.56,0.819,0,"5","LRATD1"
"CHN1",0,-0.575273518320066,0.443,0.774,0,"5","CHN1"
"TPD52L1",0,-0.587846566610146,0.551,0.885,0,"5","TPD52L1"
"COL9A3",0,-0.589845738977163,0.376,0.711,0,"5","COL9A3"
"FAM20C",0,-0.592170830932989,0.474,0.849,0,"5","FAM20C"
"ARHGAP29",0,-0.597063141452006,0.556,0.87,0,"5","ARHGAP29"
"THSD7A",0,-0.597861297951032,0.245,0.789,0,"5","THSD7A"
"HRH1",0,-0.598845523025777,0.511,0.874,0,"5","HRH1"
"SEMA6D",0,-0.599673032497195,0.521,0.863,0,"5","SEMA6D"
"PSAT1",0,-0.602636922423981,0.399,0.662,0,"5","PSAT1"
"GPR37",0,-0.610584807538723,0.572,0.836,0,"5","GPR37"
"SLC1A2",0,-0.617562865462266,0.524,0.781,0,"5","SLC1A2"
"CA12",0,-0.622166362939027,0.456,0.785,0,"5","CA12"
"MYLK",0,-0.622368261462161,0.523,0.839,0,"5","MYLK"
"GATM",0,-0.629657340509598,0.601,0.884,0,"5","GATM"
"KCNE4",0,-0.629944843511595,0.537,0.837,0,"5","KCNE4"
"CAVIN1",0,-0.633647330213814,0.558,0.859,0,"5","CAVIN1"
"EGLN3",0,-0.638390689360381,0.554,0.825,0,"5","EGLN3"
"LMNA",0,-0.641239809749636,0.602,0.875,0,"5","LMNA"
"LGALS3BP",0,-0.642615503804731,0.421,0.772,0,"5","LGALS3BP"
"CXCL14",0,-0.644501019358797,0.521,0.788,0,"5","CXCL14"
"TENT5A",0,-0.645501353125652,0.533,0.873,0,"5","TENT5A"
"S100A13",0,-0.647282350290067,0.494,0.87,0,"5","S100A13"
"CDH11",0,-0.649966863042153,0.528,0.793,0,"5","CDH11"
"SPOCD1",0,-0.651458316201417,0.456,0.855,0,"5","SPOCD1"
"C1S",0,-0.657125005923688,0.448,0.859,0,"5","C1S"
"COL6A2",0,-0.65989110185209,0.49,0.742,0,"5","COL6A2"
"CHPF",0,-0.667686413588503,0.489,0.766,0,"5","CHPF"
"DOK5",0,-0.674760947481594,0.523,0.841,0,"5","DOK5"
"SEMA5A",0,-0.680433260835967,0.441,0.742,0,"5","SEMA5A"
"LTF",0,-0.683705605403154,0.586,0.862,0,"5","LTF"
"MEST",0,-0.686674959013267,0.402,0.688,0,"5","MEST"
"GJA1",0,-0.689710129312129,0.56,0.87,0,"5","GJA1"
"AK4",0,-0.698170214736402,0.567,0.832,0,"5","AK4"
"TNFAIP6",0,-0.712727422724391,0.537,0.852,0,"5","TNFAIP6"
"NREP",0,-0.715647206729711,0.415,0.76,0,"5","NREP"
"EPAS1",0,-0.729268352154433,0.469,0.791,0,"5","EPAS1"
"NRXN1.1",0,-0.729556685151065,0.32,0.733,0,"5","NRXN1"
"APLP1",0,-0.732094857321356,0.382,0.641,0,"5","APLP1"
"MGST1",0,-0.740371111238093,0.502,0.796,0,"5","MGST1"
"RASD1",0,-0.746065384801566,0.419,0.826,0,"5","RASD1"
"PLPP3",0,-0.750387330858284,0.404,0.731,0,"5","PLPP3"
"PCOLCE",0,-0.75310048289293,0.592,0.881,0,"5","PCOLCE"
"PPFIBP1",0,-0.753160309844077,0.586,0.862,0,"5","PPFIBP1"
"HMGCS1",0,-0.755527063914349,0.487,0.775,0,"5","HMGCS1"
"PDGFRA",0,-0.756056228813732,0.458,0.818,0,"5","PDGFRA"
"CNR1",0,-0.765120419587677,0.547,0.864,0,"5","CNR1"
"TFPI",0,-0.777569093509166,0.241,0.855,0,"5","TFPI"
"CXCL10",0,-0.781864189978546,0.568,0.854,0,"5","CXCL10"
"ATP1B2.1",0,-0.784828344947106,0.404,0.77,0,"5","ATP1B2"
"FLNA",0,-0.784986605464196,0.479,0.872,0,"5","FLNA"
"ADAMTS9",0,-0.787829184760861,0.574,0.886,0,"5","ADAMTS9"
"MEG8",0,-0.791645772658399,0.546,0.886,0,"5","MEG8"
"COL4A1",0,-0.79376546204941,0.612,0.898,0,"5","COL4A1"
"SCG3",0,-0.796019483931024,0.435,0.739,0,"5","SCG3"
"CHI3L2",0,-0.796277836290859,0.567,0.86,0,"5","CHI3L2"
"SPOCK1",0,-0.801215168997558,0.564,0.87,0,"5","SPOCK1"
"PRRX1",0,-0.807822352096714,0.48,0.864,0,"5","PRRX1"
"CNP",0,-0.809107356322774,0.463,0.714,0,"5","CNP"
"FBXO32",0,-0.811762126651264,0.611,0.864,0,"5","FBXO32"
"GBP1",0,-0.812853014217497,0.595,0.886,0,"5","GBP1"
"SLC38A1",0,-0.813586802357334,0.568,0.82,0,"5","SLC38A1"
"COL5A2",0,-0.815779681937958,0.576,0.899,0,"5","COL5A2"
"TNFRSF12A",0,-0.825105802403183,0.647,0.909,0,"5","TNFRSF12A"
"SCD",0,-0.827313968132036,0.551,0.888,0,"5","SCD"
"COL1A2",0,-0.830263199381185,0.578,0.892,0,"5","COL1A2"
"CDK6",0,-0.853896235260294,0.585,0.87,0,"5","CDK6"
"C21orf62",0,-0.857297262696011,0.488,0.877,0,"5","C21orf62"
"BEX1.2",0,-0.86618808124178,0.413,0.703,0,"5","BEX1"
"AHCYL1",0,-0.867927760506038,0.554,0.88,0,"5","AHCYL1"
"WWTR1",0,-0.872643692558349,0.648,0.917,0,"5","WWTR1"
"FIBIN",0,-0.875035222386168,0.525,0.822,0,"5","FIBIN"
"DCN",0,-0.875935142155023,0.607,0.88,0,"5","DCN"
"CCND2",0,-0.879399883597473,0.484,0.785,0,"5","CCND2"
"POSTN",0,-0.892077301885483,0.568,0.831,0,"5","POSTN"
"TSHZ2",0,-0.894090529772244,0.616,0.888,0,"5","TSHZ2"
"TM4SF1",0,-0.895016653917251,0.532,0.808,0,"5","TM4SF1"
"LOX",0,-0.899933626684544,0.572,0.876,0,"5","LOX"
"RFX4",0,-0.905697374874915,0.454,0.823,0,"5","RFX4"
"UCHL1",0,-0.906551661641977,0.355,0.723,0,"5","UCHL1"
"SOX9",0,-0.909677973737994,0.434,0.84,0,"5","SOX9"
"TAGLN",0,-0.910292232872412,0.542,0.849,0,"5","TAGLN"
"STK17A",0,-0.916269751321575,0.504,0.91,0,"5","STK17A"
"RBP1",0,-0.917220290817766,0.384,0.729,0,"5","RBP1"
"PFN2",0,-0.945155055775994,0.522,0.791,0,"5","PFN2"
"TIMP4",0,-0.948427924451529,0.567,0.87,0,"5","TIMP4"
"CLDND1",0,-0.949824125151549,0.506,0.87,0,"5","CLDND1"
"TTLL7",0,-0.955588521188845,0.5,0.824,0,"5","TTLL7"
"PLOD2",0,-0.969461262989086,0.517,0.875,0,"5","PLOD2"
"RNF19A",0,-0.981587673813017,0.62,0.907,0,"5","RNF19A"
"WLS",0,-0.981960577737897,0.491,0.872,0,"5","WLS"
"CRIP2",0,-0.983200592729399,0.556,0.859,0,"5","CRIP2"
"BSG",0,-0.987599594495655,0.642,0.922,0,"5","BSG"
"ACTN1",0,-0.998764550654704,0.664,0.93,0,"5","ACTN1"
"ETV1",0,-1.00107168687112,0.494,0.754,0,"5","ETV1"
"TSC22D4",0,-1.0040490933052,0.539,0.797,0,"5","TSC22D4"
"TMEM158",0,-1.02743262029121,0.572,0.895,0,"5","TMEM158"
"DTNA",0,-1.04241748245939,0.555,0.87,0,"5","DTNA"
"SOX11",0,-1.05723597038458,0.445,0.753,0,"5","SOX11"
"HEY1",0,-1.07457622236868,0.505,0.806,0,"5","HEY1"
"PHLDA1",0,-1.0830751448211,0.421,0.852,0,"5","PHLDA1"
"SCD5",0,-1.08578172523583,0.427,0.807,0,"5","SCD5"
"NFIA.1",0,-1.08795199488007,0.588,0.838,0,"5","NFIA"
"SLN",0,-1.09332066649161,0.593,0.892,0,"5","SLN"
"THY1",0,-1.09979512292282,0.573,0.844,0,"5","THY1"
"GADD45A",0,-1.11400772520603,0.576,0.843,0,"5","GADD45A"
"PSRC1",0,-1.11812643362855,0.447,0.909,0,"5","PSRC1"
"CPE",0,-1.13841123754051,0.478,0.845,0,"5","CPE"
"MLLT11",0,-1.14256054401177,0.483,0.805,0,"5","MLLT11"
"TSC22D1",0,-1.15386617670111,0.362,0.783,0,"5","TSC22D1"
"SERPINE2",0,-1.15516369509398,0.516,0.825,0,"5","SERPINE2"
"TIMP3",0,-1.18805467748369,0.525,0.883,0,"5","TIMP3"
"PDLIM4",0,-1.18896752794873,0.538,0.94,0,"5","PDLIM4"
"PGM2L1",0,-1.19037729031784,0.566,0.909,0,"5","PGM2L1"
"CALU",0,-1.19180431809032,0.665,0.944,0,"5","CALU"
"CAMK2N1",0,-1.19549894674911,0.6,0.867,0,"5","CAMK2N1"
"TUBB2A",0,-1.21724465392885,0.522,0.873,0,"5","TUBB2A"
"STMN1.1",0,-1.22822261464957,0.545,0.828,0,"5","STMN1"
"C1R",0,-1.2332138715175,0.599,0.913,0,"5","C1R"
"CCDC80",0,-1.24232326456881,0.622,0.916,0,"5","CCDC80"
"FN1",0,-1.25115496287869,0.604,0.936,0,"5","FN1"
"EGFR",0,-1.27529165381065,0.543,0.865,0,"5","EGFR"
"PMP22",0,-1.27745203460502,0.695,0.957,0,"5","PMP22"
"F3",0,-1.28262779223353,0.591,0.918,0,"5","F3"
"NPTX2",0,-1.28483615954917,0.638,0.91,0,"5","NPTX2"
"SRPX",0,-1.29043889004295,0.596,0.916,0,"5","SRPX"
"PCSK1N",0,-1.29233321096233,0.596,0.894,0,"5","PCSK1N"
"CCN1",0,-1.29579154534948,0.543,0.866,0,"5","CCN1"
"SOX4",0,-1.29579622389265,0.421,0.739,0,"5","SOX4"
"EMP1",0,-1.30186408843503,0.56,0.935,0,"5","EMP1"
"TUBB3",0,-1.31058110057084,0.427,0.836,0,"5","TUBB3"
"PON2",0,-1.31541236818551,0.636,0.939,0,"5","PON2"
"RCAN1",0,-1.32968242635439,0.581,0.891,0,"5","RCAN1"
"PEG10",0,-1.32972392932461,0.484,0.813,0,"5","PEG10"
"AEBP1",0,-1.34579755288278,0.607,0.938,0,"5","AEBP1"
"MGP",0,-1.37541125244788,0.568,0.912,0,"5","MGP"
"BCAN",0,-1.44068821830219,0.39,0.814,0,"5","BCAN"
"SERPINA3",0,-1.45321056758021,0.584,0.857,0,"5","SERPINA3"
"MDK",0,-1.46519817176888,0.563,0.878,0,"5","MDK"
"SOX2-OT",0,-1.47263126925424,0.376,0.796,0,"5","SOX2-OT"
"IGFBP2",0,-1.47587243492569,0.553,0.877,0,"5","IGFBP2"
"ITM2C",0,-1.54510745252756,0.554,0.888,0,"5","ITM2C"
"FXYD6",0,-1.57409045069245,0.451,0.895,0,"5","FXYD6"
"BAALC",0,-1.60051555770172,0.599,0.922,0,"5","BAALC"
"VEGFA",0,-1.60901085198986,0.647,0.912,0,"5","VEGFA"
"HILPDA",0,-1.61248522191032,0.648,0.931,0,"5","HILPDA"
"NNMT",0,-1.65386708759082,0.604,0.93,0,"5","NNMT"
"SPARC",0,-1.68161283448327,0.619,0.943,0,"5","SPARC"
"CAV1",0,-1.70244735680964,0.613,0.93,0,"5","CAV1"
"COL6A1",0,-1.75623774868697,0.631,0.942,0,"5","COL6A1"
"S100A16",0,-1.77375995875334,0.62,0.942,0,"5","S100A16"
"PCDH9",0,-1.8178521381267,0.477,0.914,0,"5","PCDH9"
"AQP4",0,-1.82092106618304,0.568,0.927,0,"5","AQP4"
"TNC",0,-1.82182744452818,0.592,0.952,0,"5","TNC"
"CSRP2",0,-1.9556306607794,0.623,0.944,0,"5","CSRP2"
"RAMP1",0,-2.01345485181325,0.475,0.947,0,"5","RAMP1"
"C1orf61",0,-2.01966805936124,0.556,0.88,0,"5","C1orf61"
"TCIM",0,-2.04286542474854,0.599,0.932,0,"5","TCIM"
"SCG2",0,-2.04636842841797,0.561,0.94,0,"5","SCG2"
"AKAP12",0,-2.16230212668636,0.55,0.883,0,"5","AKAP12"
"HOPX",0,-2.17486251984437,0.661,0.958,0,"5","HOPX"
"ID1",0,-2.21877213971692,0.651,0.915,0,"5","ID1"
"CKB",0,-2.28354073436953,0.533,0.928,0,"5","CKB"
"IGFBP7",0,-2.32338763243791,0.697,0.955,0,"5","IGFBP7"
"MARCKSL1",0,-2.35105408737152,0.524,0.935,0,"5","MARCKSL1"
"PMP2",0,-2.46368632755692,0.637,0.955,0,"5","PMP2"
"TUBB2B",0,-2.54980263622659,0.542,0.944,0,"5","TUBB2B"
"SCRG1",0,-2.57134676158173,0.58,0.952,0,"5","SCRG1"
"MEG3",0,-2.71779891807393,0.613,0.97,0,"5","MEG3"
"CNN3",0,-2.78282885687737,0.621,0.985,0,"5","CNN3"
"GAP43",0,-2.98251621249461,0.717,0.986,0,"5","GAP43"
"ID3",0,-2.9865306564127,0.689,0.961,0,"5","ID3"
"FABP7",0,-3.53102536341547,0.712,0.987,0,"5","FABP7"
"PTN",0,-3.58792343681979,0.552,0.983,0,"5","PTN"
"SPARCL1",0,-3.72525815924051,0.738,0.994,0,"5","SPARCL1"
"PTPRZ1",0,-3.85729039944121,0.576,0.99,0,"5","PTPRZ1"
"SOX8",5.02048630883959e-303,-0.345939299688979,0.265,0.596,1.00409726176792e-299,"5","SOX8"
"NT5E",1.01123891059153e-268,-0.253960116101938,0.291,0.599,2.02247782118306e-265,"5","NT5E"
"PDLIM3",2.12307173300076e-250,-0.296239799925348,0.352,0.605,4.24614346600152e-247,"5","PDLIM3"
"TNR",1.91452956330473e-248,-0.272965768403471,0.291,0.601,3.82905912660946e-245,"5","TNR"
"AMER2",7.20026717027169e-246,-0.31056673874834,0.235,0.587,1.44005343405434e-242,"5","AMER2"
"TMEM98",1.86694264870308e-235,-0.305177572223084,0.203,0.564,3.73388529740616e-232,"5","TMEM98"
"IRS2",3.13276159439072e-233,-0.27946535960766,0.587,0.851,6.26552318878143e-230,"5","IRS2"
"PLP1",4.79340168155583e-218,-1.63460862392604,0.327,0.588,9.58680336311166e-215,"5","PLP1"
"ATCAY",4.22952145689204e-179,-0.297652450572246,0.124,0.538,8.45904291378408e-176,"5","ATCAY"
"RAPGEF5",5.81075293478363e-164,-0.278769711847449,0.174,0.554,1.16215058695673e-160,"5","RAPGEF5"
"MEX3A",8.37026998566067e-163,-0.356666550553469,0.266,0.567,1.67405399713213e-159,"5","MEX3A"
"ANKS1B",2.65287114208546e-115,-0.272085895466148,0.109,0.519,5.30574228417092e-112,"5","ANKS1B"
"EDIL3",5.18398761128065e-114,-0.290347170431247,0.248,0.524,1.03679752225613e-110,"5","EDIL3"
"ASCL1",7.46824545874758e-113,-0.293091478892989,0.127,0.514,1.49364909174952e-109,"5","ASCL1"
"LUCAT1",9.13572026103905e-56,0.259770204193136,0.433,0.688,1.82714405220781e-52,"5","LUCAT1"
"CXCL8",9.32942328619495e-23,1.20247914551131,0.592,0.868,1.86588465723899e-19,"5","CXCL8"
"FCGR1A",0,-0.420537493367353,0.569,0.819,0,"6","FCGR1A"
"MNDA",0,-0.541192885682563,0.571,0.831,0,"6","MNDA"
"TMIGD3",0,-0.611013875385608,0.57,0.834,0,"6","TMIGD3"
"GPR34",3.7228357016274e-299,-0.358542034838386,0.421,0.721,7.44567140325481e-296,"6","GPR34"
"A2M",7.06098593590281e-203,-0.567830124773091,0.453,0.752,1.41219718718056e-199,"6","A2M"
"CD68",9.81178045763627e-188,-0.316597853466298,0.506,0.784,1.96235609152725e-184,"6","CD68"
"MAF",7.90893662595802e-183,-0.278632690402022,0.44,0.712,1.5817873251916e-179,"6","MAF"
"LPAR6",2.83252023901979e-170,-0.312646668485853,0.427,0.712,5.66504047803959e-167,"6","LPAR6"
"ALDH2",1.91504196602895e-147,-0.271340944233457,0.336,0.609,3.83008393205789e-144,"6","ALDH2"
"ANLN.1",9.11414473878281e-143,-0.258536564878759,0.358,0.614,1.82282894775656e-139,"6","ANLN"
"UBE2C.1",0,3.0451463487443,0.968,0.651,0,"7","UBE2C"
"TOP2A",0,2.9560102348003,0.975,0.718,0,"7","TOP2A"
"CENPF.1",0,2.82267243334842,0.981,0.602,0,"7","CENPF"
"HMGB2.1",0,2.72086809128333,0.995,0.659,0,"7","HMGB2"
"MKI67",0,2.49590775320119,0.975,0.698,0,"7","MKI67"
"NUSAP1",0,2.45323670770799,0.961,0.661,0,"7","NUSAP1"
"CCNB1",0,2.43672392036057,0.938,0.584,0,"7","CCNB1"
"ASPM.1",0,2.42869114773877,0.971,0.599,0,"7","ASPM"
"CENPE",0,2.3477994640212,0.947,0.608,0,"7","CENPE"
"PRC1",0,2.12312511475427,0.922,0.65,0,"7","PRC1"
"CKS2",0,2.11968787896734,0.932,0.577,0,"7","CKS2"
"GTSE1",0,1.97567849134471,0.917,0.665,0,"7","GTSE1"
"PBK.1",0,1.96523439045554,0.937,0.684,0,"7","PBK"
"TPX2",0,1.93053620307137,0.946,0.682,0,"7","TPX2"
"CCNB2",0,1.91215224594653,0.906,0.618,0,"7","CCNB2"
"KPNA2",0,1.90929399790529,0.948,0.645,0,"7","KPNA2"
"CDKN3",0,1.8819399990767,0.943,0.679,0,"7","CDKN3"
"NUF2",0,1.83927398034583,0.904,0.559,0,"7","NUF2"
"SGO2",0,1.83239201379225,0.897,0.616,0,"7","SGO2"
"CDC20",0,1.63318272168406,0.883,0.541,0,"7","CDC20"
"DBF4.1",0,1.54313625846722,0.947,0.582,0,"7","DBF4"
"MAD2L1",0,1.5368128576588,0.893,0.602,0,"7","MAD2L1"
"PIMREG",0,1.50127275626181,0.861,0.599,0,"7","PIMREG"
"UBE2S",0,1.49333866573794,0.971,0.612,0,"7","UBE2S"
"HMGB3",0,1.44812004029045,0.896,0.582,0,"7","HMGB3"
"AURKA",0,1.42329971394116,0.844,0.546,0,"7","AURKA"
"KNL1",0,1.39657932681558,0.925,0.616,0,"7","KNL1"
"CKAP2",0,1.36465154842498,0.851,0.557,0,"7","CKAP2"
"UBE2T.1",0,1.34737622742539,0.856,0.553,0,"7","UBE2T"
"KIF4A",0,1.32510849266945,0.881,0.618,0,"7","KIF4A"
"KIF20B",0,1.29894053652733,0.914,0.592,0,"7","KIF20B"
"PLK1",0,1.2777869969958,0.848,0.525,0,"7","PLK1"
"DEPDC1",0,1.24005928713294,0.932,0.635,0,"7","DEPDC1"
"H2AFX.1",0,1.2384355053621,0.942,0.582,0,"7","H2AFX"
"CENPA",0,1.22154030118094,0.92,0.67,0,"7","CENPA"
"KIF14",0,1.19511890828466,0.932,0.659,0,"7","KIF14"
"AURKB",0,1.17933388355539,0.799,0.532,0,"7","AURKB"
"CDCA8",0,1.14798069942127,0.772,0.512,0,"7","CDCA8"
"KIF23",0,1.11638879192318,0.9,0.553,0,"7","KIF23"
"TACC3",0,1.10478397661992,0.877,0.595,0,"7","TACC3"
"MZT1",0,1.09325522000095,0.951,0.642,0,"7","MZT1"
"KIF18A",0,1.03196516836303,0.878,0.559,0,"7","KIF18A"
"CCNA2",0,1.01291887513422,0.849,0.554,0,"7","CCNA2"
"TMPO.1",0,0.961353555085549,0.915,0.605,0,"7","TMPO"
"KIF11",0,0.915908036519433,0.877,0.534,0,"7","KIF11"
"CCDC34",0,0.898614705472769,0.925,0.672,0,"7","CCDC34"
"LMNB1.1",0,0.873787482250798,0.931,0.614,0,"7","LMNB1"
"RACGAP1",0,0.872169895504993,0.809,0.47,0,"7","RACGAP1"
"EZH2.1",0,0.860489998293829,0.936,0.669,0,"7","EZH2"
"NCAPG.1",0,0.832103966705568,0.847,0.595,0,"7","NCAPG"
"RAD51AP1",0,0.82470252423687,0.951,0.681,0,"7","RAD51AP1"
"TYMS.1",0,0.807259589352742,0.912,0.637,0,"7","TYMS"
"ARHGAP11A",0,0.778998816110847,0.821,0.547,0,"7","ARHGAP11A"
"FAM83D",0,0.763184280857954,0.87,0.546,0,"7","FAM83D"
"ORC6.1",0,0.656569544919449,0.857,0.586,0,"7","ORC6"
"CEP55",0,0.603127510301187,0.816,0.543,0,"7","CEP55"
"ASCL1.1",0,0.574332187621689,0.802,0.461,0,"7","ASCL1"
"FANCI.1",0,0.520636932139997,0.849,0.507,0,"7","FANCI"
"ATAD5",0,0.505367361581336,0.922,0.669,0,"7","ATAD5"
"CENPH.1",0,0.481312925888287,0.85,0.531,0,"7","CENPH"
"DNAJC9.1",0,0.414590526155037,0.874,0.618,0,"7","DNAJC9"
"ANLN.2",0,0.378543583122339,0.838,0.588,0,"7","ANLN"
"MNS1",0,0.377061848724281,0.871,0.588,0,"7","MNS1"
"C2orf80.1",0,0.365687230248526,0.855,0.599,0,"7","C2orf80"
"CDCA4",0,0.324054036647473,0.831,0.581,0,"7","CDCA4"
"NEUROD1",0,0.288246383736124,0.863,0.611,0,"7","NEUROD1"
"ASRGL1.1",2.13405922124104e-300,0.497473116775144,0.84,0.564,4.26811844248208e-297,"7","ASRGL1"
"WDR34.1",3.07527805531894e-275,0.34348996730868,0.862,0.601,6.15055611063788e-272,"7","WDR34"
"CKAP2L",1.27621243604383e-269,0.892868093207076,0.726,0.459,2.55242487208766e-266,"7","CKAP2L"
"ATCAY.1",2.34348347239758e-269,0.386856787715907,0.79,0.483,4.68696694479515e-266,"7","ATCAY"
"NEURL1B",9.5751006603672e-244,0.280598469576698,0.702,0.401,1.91502013207344e-240,"7","NEURL1B"
"RND3",1.70589220793524e-238,-0.398414668804352,0.405,0.75,3.41178441587048e-235,"7","RND3"
"RNASE1",1.87739009221454e-224,-0.260225522339594,0.857,0.568,3.75478018442908e-221,"7","RNASE1"
"BEX1.3",2.08268665521861e-224,0.536982551077732,0.917,0.663,4.16537331043721e-221,"7","BEX1"
"KIF18B",1.084155038189e-177,0.334670907160246,0.667,0.356,2.168310076378e-174,"7","KIF18B"
"PLP1.1",0,5.84530249917097,1,0.552,0,"8","PLP1"
"MBP",0,4.36020527325468,1,0.739,0,"8","MBP"
"PPP1R14A",0,4.12720572196645,0.997,0.661,0,"8","PPP1R14A"
"TF",0,4.00792750931469,0.988,0.468,0,"8","TF"
"DBNDD2",0,3.92990616308979,0.996,0.734,0,"8","DBNDD2"
"PTGDS",0,3.82057768573892,0.997,0.464,0,"8","PTGDS"
"ERMN.1",0,3.75034189850706,0.985,0.589,0,"8","ERMN"
"SELENOP",0,3.47771723464711,0.986,0.727,0,"8","SELENOP"
"MOBP",0,3.42175270004048,0.978,0.574,0,"8","MOBP"
"CNP.1",0,3.31873346032473,0.996,0.682,0,"8","CNP"
"APLP1.1",0,3.20210384399257,0.987,0.606,0,"8","APLP1"
"TMEM144",0,3.12337479848915,0.961,0.636,0,"8","TMEM144"
"MAG",0,3.02215527110098,0.963,0.587,0,"8","MAG"
"ENPP2",0,2.96918201075147,0.956,0.608,0,"8","ENPP2"
"CLDN11",0,2.95948546017753,0.94,0.504,0,"8","CLDN11"
"EDIL3.1",0,2.91734380009202,0.96,0.486,0,"8","EDIL3"
"APOD",0,2.71431979164514,0.975,0.633,0,"8","APOD"
"S100A1",0,2.69839716441622,0.894,0.458,0,"8","S100A1"
"UGT8.1",0,2.68556184392283,0.962,0.549,0,"8","UGT8"
"RAPGEF5.1",0,2.6741974522073,0.944,0.506,0,"8","RAPGEF5"
"QDPR",0,2.5193048337849,0.985,0.735,0,"8","QDPR"
"ANLN.3",0,2.46960117036652,0.917,0.591,0,"8","ANLN"
"PIP4K2A",0,2.4597393855747,0.92,0.546,0,"8","PIP4K2A"
"RNASE1.1",0,2.41110440941412,0.938,0.571,0,"8","RNASE1"
"ABCA2",0,2.40521750810989,0.895,0.533,0,"8","ABCA2"
"SEPTIN4",0,2.36740329839181,0.937,0.534,0,"8","SEPTIN4"
"SLC44A1.1",0,2.35231007466958,0.944,0.664,0,"8","SLC44A1"
"SLC24A2",0,2.30943589789168,0.908,0.399,0,"8","SLC24A2"
"CARNS1",0,2.28456677457854,0.925,0.539,0,"8","CARNS1"
"ST18",0,2.27525176846426,0.936,0.457,0,"8","ST18"
"CNTN2",0,2.24420927027977,0.86,0.475,0,"8","CNTN2"
"TUBB4A",0,2.22797547917251,0.865,0.461,0,"8","TUBB4A"
"SYNJ2",0,2.20450098997645,0.962,0.667,0,"8","SYNJ2"
"FAM107B",0,2.20287226860647,0.886,0.466,0,"8","FAM107B"
"AMER2.1",0,2.19770603815701,0.86,0.544,0,"8","AMER2"
"PTPRD",0,2.15172088119061,0.953,0.603,0,"8","PTPRD"
"ANKS1B.1",0,2.13700227637832,0.86,0.469,0,"8","ANKS1B"
"KLK6",0,2.12814213697732,0.865,0.43,0,"8","KLK6"
"MAL",0,2.10671692246433,0.847,0.453,0,"8","MAL"
"SLAIN1",0,2.09706879715712,0.898,0.633,0,"8","SLAIN1"
"FGFR2",0,2.05988601412797,0.865,0.553,0,"8","FGFR2"
"PLLP",0,2.05549585284584,0.909,0.633,0,"8","PLLP"
"SEMA4D",0,2.02134553273374,0.975,0.596,0,"8","SEMA4D"
"PEX5L",0,2.0088004052638,0.915,0.466,0,"8","PEX5L"
"LINC00844",0,1.98372616244593,0.927,0.413,0,"8","LINC00844"
"HHATL",0,1.98017132177145,0.852,0.42,0,"8","HHATL"
"HAPLN2",0,1.9766737962514,0.879,0.356,0,"8","HAPLN2"
"NECAB1",0,1.96822231644467,0.861,0.605,0,"8","NECAB1"
"LHPP",0,1.96155145784474,0.84,0.551,0,"8","LHPP"
"PLEKHB1",0,1.94076366500767,0.866,0.464,0,"8","PLEKHB1"
"CDKN1C",0,1.88183153377858,0.907,0.488,0,"8","CDKN1C"
"BCAS1",0,1.85299495433405,0.847,0.503,0,"8","BCAS1"
"ANK3",0,1.82342481666224,0.881,0.553,0,"8","ANK3"
"CNDP1",0,1.81849239498833,0.825,0.423,0,"8","CNDP1"
"PLEKHH1",0,1.79084053468532,0.876,0.59,0,"8","PLEKHH1"
"PROX1",0,1.78250329072731,0.948,0.614,0,"8","PROX1"
"PLCL1",0,1.74445833466892,0.871,0.442,0,"8","PLCL1"
"PAQR8",0,1.70195124682826,0.848,0.529,0,"8","PAQR8"
"CNTNAP4",0,1.70162896971954,0.915,0.405,0,"8","CNTNAP4"
"DHCR24",0,1.60001178638554,0.978,0.651,0,"8","DHCR24"
"SH3GL3",0,1.52832980730018,0.912,0.425,0,"8","SH3GL3"
"SLCO1A2",0,1.50194719250118,0.916,0.417,0,"8","SLCO1A2"
"EPB41L3.1",0,1.49231901068476,0.895,0.558,0,"8","EPB41L3"
"PDK4",0,1.48276818930054,0.862,0.479,0,"8","PDK4"
"PCSK6",0,1.42950087587208,0.821,0.465,0,"8","PCSK6"
"VXN",0,1.39329367222431,0.906,0.546,0,"8","VXN"
"AL359091.1",0,1.28334405003718,0.866,0.577,0,"8","AL359091.1"
"ANKRD18A",0,1.20133764320612,0.967,0.473,0,"8","ANKRD18A"
"SEC14L5",0,1.0622810313207,0.911,0.63,0,"8","SEC14L5"
"ACSL1",0,1.02372333881133,0.949,0.538,0,"8","ACSL1"
"USH1C",0,0.981468536018142,0.947,0.552,0,"8","USH1C"
"DYNC1I1",0,0.957762359374826,0.909,0.378,0,"8","DYNC1I1"
"CCNE2",0,0.809962969523801,0.874,0.602,0,"8","CCNE2"
"DNAH17-AS1",0,0.802209997500885,0.852,0.406,0,"8","DNAH17-AS1"
"SYP",0,0.624861939257991,0.959,0.486,0,"8","SYP"
"NPTX1.1",0,-0.276740173514212,0.259,0.763,0,"8","NPTX1"
"LYZ",0,-0.306681247967027,0.021,0.801,0,"8","LYZ"
"CA3",0,-0.347677839758547,0.442,0.811,0,"8","CA3"
"TMOD1",0,-0.35318115543075,0.072,0.58,0,"8","TMOD1"
"APOL2.1",0,-0.36534002329803,0.184,0.807,0,"8","APOL2"
"RGS17.1",0,-0.43867670141671,0.183,0.721,0,"8","RGS17"
"CYTL1",0,-0.475140065205005,0.5,0.816,0,"8","CYTL1"
"IER3.1",0,-0.512647516649621,0.097,0.671,0,"8","IER3"
"EMP1.1",0,-1.06229938717033,0.581,0.904,0,"8","EMP1"
"EVI2A",1.82088082527664e-289,1.86742565955479,0.847,0.589,3.64176165055329e-286,"8","EVI2A"
"SVIP",3.78060652206737e-284,1.77136285119583,0.826,0.35,7.56121304413473e-281,"8","SVIP"
"CCL3L1.1",5.83448733996811e-284,-0.772661133080215,0.208,0.7,1.16689746799362e-280,"8","CCL3L1"
"H19",4.72143181896808e-282,-0.30040032831185,0.176,0.641,9.44286363793616e-279,"8","H19"
"PDIA2",1.31324525037977e-281,0.630846131483902,0.808,0.397,2.62649050075954e-278,"8","PDIA2"
"RASD1.1",2.26521260367162e-279,-0.67166833772299,0.503,0.792,4.53042520734323e-276,"8","RASD1"
"LRP2",2.88516305344417e-271,0.948152302933622,0.792,0.248,5.77032610688834e-268,"8","LRP2"
"EPAS1.1",6.46282167327665e-271,-0.779438823421639,0.427,0.766,1.29256433465533e-267,"8","EPAS1"
"GPR37L1",2.15569664067829e-265,0.605018978463827,0.871,0.55,4.31139328135658e-262,"8","GPR37L1"
"CMTM5",4.4463782581309e-265,1.85439177500693,0.809,0.5,8.89275651626179e-262,"8","CMTM5"
"HEG1",4.92324690509722e-265,0.46988804323092,0.869,0.578,9.84649381019444e-262,"8","HEG1"
"SPOCK3",1.89439309673113e-259,1.95391074657191,0.794,0.388,3.78878619346225e-256,"8","SPOCK3"
"MOG",2.62503315463825e-257,1.77784597515223,0.794,0.4,5.2500663092765e-254,"8","MOG"
"TPPP3",6.63697759794781e-257,1.64919786163573,0.864,0.549,1.32739551958956e-253,"8","TPPP3"
"CP.1",1.16493798548805e-254,-0.520597739196652,0.343,0.724,2.3298759709761e-251,"8","CP"
"LGI3",2.08507007230604e-250,1.29322371047766,0.787,0.417,4.17014014461208e-247,"8","LGI3"
"AK5",1.83461465116169e-248,1.28391247286205,0.788,0.487,3.66922930232337e-245,"8","AK5"
"HEY1.1",1.91827476534281e-248,-1.02170033602406,0.508,0.782,3.83654953068563e-245,"8","HEY1"
"TRIB1",4.22030495526625e-244,-0.268675015293198,0.113,0.608,8.44060991053249e-241,"8","TRIB1"
"KCNJ10",1.41572079051065e-242,1.43619367033483,0.79,0.397,2.8314415810213e-239,"8","KCNJ10"
"RHOBTB3",2.70158309429874e-223,-0.981368834703132,0.448,0.894,5.40316618859748e-220,"8","RHOBTB3"
"CREM",2.15067490035135e-220,-0.443171801814688,0.309,0.729,4.3013498007027e-217,"8","CREM"
"ELAVL3",9.93756002437323e-210,1.42976454933031,0.841,0.547,1.98751200487465e-206,"8","ELAVL3"
"TRIM59",6.50907240838039e-206,1.35277575697911,0.79,0.494,1.30181448167608e-202,"8","TRIM59"
"NFKBIA",7.06440358867506e-205,-1.26372935024496,0.618,0.908,1.41288071773501e-201,"8","NFKBIA"
"SLC3A2",7.31709428013825e-201,-0.798035132977611,0.438,0.787,1.46341885602765e-197,"8","SLC3A2"
"SNORC",2.57509542572086e-200,0.701521406652616,0.759,0.501,5.15019085144173e-197,"8","SNORC"
"SERPINI1",2.90676713084934e-200,1.39874439261537,0.768,0.506,5.81353426169868e-197,"8","SERPINI1"
"SLC6A1",3.177938536696e-198,0.941647324269721,0.777,0.476,6.355877073392e-195,"8","SLC6A1"
"GPIHBP1",2.60431071393353e-197,0.799626319596156,0.75,0.461,5.20862142786705e-194,"8","GPIHBP1"
"WTAP",1.01247072997772e-194,-0.755539880102706,0.58,0.839,2.02494145995543e-191,"8","WTAP"
"CTSZ.1",2.02342874658743e-194,-0.343574493272137,0.211,0.585,4.04685749317486e-191,"8","CTSZ"
"CAPN3",4.88797993570268e-191,1.48546011292248,0.754,0.464,9.77595987140536e-188,"8","CAPN3"
"OMG",8.05427691325424e-188,1.25484999915425,0.777,0.506,1.61085538265085e-184,"8","OMG"
"ZNF488",1.79227350717402e-186,0.706502526845569,0.744,0.337,3.58454701434803e-183,"8","ZNF488"
"SMYD2",3.17305860873782e-184,-0.276915361458512,0.185,0.624,6.34611721747564e-181,"8","SMYD2"
"PLAT.1",1.69475388716376e-181,-0.462646349814402,0.308,0.655,3.38950777432751e-178,"8","PLAT"
"CENPU.1",9.24681434453273e-181,-0.40513370698054,0.225,0.58,1.84936286890655e-177,"8","CENPU"
"LHFPL2",2.37973220128693e-179,-0.283718916432717,0.246,0.62,4.75946440257386e-176,"8","LHFPL2"
"ALDOC",3.65120564864884e-177,0.362938704496544,0.939,0.62,7.30241129729767e-174,"8","ALDOC"
"SLFN5",1.13326789822797e-172,0.257064902742771,0.764,0.51,2.26653579645594e-169,"8","SLFN5"
"NQO1",3.15245560102194e-168,0.331821001961822,0.804,0.547,6.30491120204389e-165,"8","NQO1"
"KLF6",3.67564531849569e-164,-0.90152668568956,0.554,0.879,7.35129063699139e-161,"8","KLF6"
"C1QL1",1.14924959818128e-161,-0.541925384036404,0.377,0.689,2.29849919636257e-158,"8","C1QL1"
"ZFP36L2",3.32556942715304e-161,-0.86156575312393,0.354,0.75,6.65113885430608e-158,"8","ZFP36L2"
"NGFR",2.69750996645109e-158,0.634657621998387,0.737,0.443,5.39501993290218e-155,"8","NGFR"
"KIF20B.1",8.73023740717404e-155,-0.313942730722664,0.31,0.612,1.74604748143481e-151,"8","KIF20B"
"HELLS",1.99294835625249e-150,-0.333481352403977,0.194,0.556,3.98589671250498e-147,"8","HELLS"
"TAGLN2",2.38081667617235e-149,-0.669682733745372,0.335,0.697,4.76163335234469e-146,"8","TAGLN2"
"RAD51AP1.1",1.0072860275483e-143,-0.33810627821168,0.432,0.698,2.01457205509659e-140,"8","RAD51AP1"
"GPD1",3.31530065136984e-134,1.02936330595866,0.709,0.42,6.63060130273969e-131,"8","GPD1"
"KPNA2.1",3.58671493441588e-134,-0.531877628293888,0.381,0.663,7.17342986883175e-131,"8","KPNA2"
"MYO1D",2.67008763318161e-125,0.595724858827683,0.691,0.322,5.34017526636321e-122,"8","MYO1D"
"HLA-E",3.29314918469517e-103,-0.641156046273002,0.605,0.882,6.58629836939034e-100,"8","HLA-E"
"TSC22D1.1",2.821960751065e-97,-0.560402653979852,0.482,0.747,5.64392150213001e-94,"8","TSC22D1"
"TMEM151A",7.46248728476751e-95,1.23302143460465,0.67,0.407,1.4924974569535e-91,"8","TMEM151A"
"HSPH1",5.9756151214875e-91,-0.350748460295621,0.558,0.852,1.1951230242975e-87,"8","HSPH1"
"NKX6-2",3.58785003940913e-68,1.26226676553497,0.639,0.389,7.17570007881827e-65,"8","NKX6-2"
"IGF2BP2",6.66839258331662e-62,-0.270458146714943,0.266,0.529,1.33367851666333e-58,"8","IGF2BP2"
"GRM3",6.39944712788707e-52,0.890094700058904,0.619,0.34,1.27988942557741e-48,"8","GRM3"
"CCNB2.1",9.1378756151789e-50,-0.257163106906562,0.939,0.623,1.82757512303578e-46,"8","CCNB2"
"DBF4.2",4.214516651802e-41,-0.267660612697612,0.875,0.591,8.429033303604e-38,"8","DBF4"
"UBE2T.2",1.65719921680197e-07,-0.379704043462166,0.82,0.56,0.000331439843360394,"8","UBE2T"
"CALCRL.1",0.000272117020200755,-0.281670227266074,0.928,0.635,0.544234040401511,"8","CALCRL"
"IFITM1",0,-0.270767778076649,0.462,0.858,0,"9","IFITM1"
"NIBAN1",0,-0.422364842809641,0.325,0.851,0,"9","NIBAN1"
"PPIC",0,-0.478815284244355,0.403,0.866,0,"9","PPIC"
"F13A1",0,-0.550892027010115,0.253,0.83,0,"9","F13A1"
"ARHGAP18",0,-0.597214022689078,0.332,0.854,0,"9","ARHGAP18"
"NRP2",0,-0.732883627667149,0.37,0.877,0,"9","NRP2"
"DCN.1",0,-0.794347119325508,0.359,0.863,0,"9","DCN"
"CALHM6",5.97483286373676e-302,-0.472377480125683,0.544,0.882,1.19496657274735e-298,"9","CALHM6"
"SERPINA1",1.15911100282917e-301,-0.380118267958693,0.286,0.825,2.31822200565833e-298,"9","SERPINA1"
"XAF1.1",2.15424327833331e-298,-0.595384586456949,0.41,0.86,4.30848655666663e-295,"9","XAF1"
"MS4A6A",6.34884493587977e-298,-0.846748850736598,0.265,0.839,1.26976898717595e-294,"9","MS4A6A"
"GJA1.1",1.347456245667e-293,-0.596667060753722,0.398,0.849,2.694912491334e-290,"9","GJA1"
"TPD52L1.1",8.60786294973308e-293,-0.493610916597516,0.492,0.859,1.72157258994662e-289,"9","TPD52L1"
"TGFBI",6.37361496600398e-290,-0.626090254486383,0.432,0.868,1.2747229932008e-286,"9","TGFBI"
"GBP2",1.31036723058551e-288,-0.654222858155242,0.34,0.876,2.62073446117101e-285,"9","GBP2"
"ITGB2",9.58189533388704e-283,-0.574601961702412,0.302,0.836,1.91637906677741e-279,"9","ITGB2"
"BST2",8.57573190547683e-282,-0.935779357475027,0.384,0.846,1.71514638109537e-278,"9","BST2"
"CLEC2B",5.15638843780926e-275,-0.631952598788891,0.48,0.854,1.03127768756185e-271,"9","CLEC2B"
"IFI30",7.22366260650298e-274,-0.789649377099983,0.371,0.869,1.4447325213006e-270,"9","IFI30"
"HAMP",7.58552878780525e-274,-0.655560444805055,0.331,0.84,1.51710575756105e-270,"9","HAMP"
"VCAM1",1.05555330371211e-272,-0.436261746424135,0.405,0.836,2.11110660742423e-269,"9","VCAM1"
"TRDC",5.75109015024219e-272,-0.41993603355224,0.442,0.834,1.15021803004844e-268,"9","TRDC"
"GPR37.1",2.84592368673792e-271,-0.576512817763278,0.45,0.817,5.69184737347584e-268,"9","GPR37"
"CXCL11.1",8.18919114298226e-267,-0.423146191700773,0.403,0.834,1.63783822859645e-263,"9","CXCL11"
"CCL2",3.14680380562494e-265,-0.691880998478689,0.422,0.867,6.29360761124988e-262,"9","CCL2"
"BHLHE41",8.37105811614248e-261,-0.643083343743415,0.396,0.822,1.6742116232285e-257,"9","BHLHE41"
"LOX.1",2.88102318609495e-260,-0.701702995994496,0.378,0.856,5.7620463721899e-257,"9","LOX"
"CAPG",3.55464488293203e-259,-0.533427126478485,0.36,0.833,7.10928976586406e-256,"9","CAPG"
"S100A4",1.58926850941444e-254,-0.735299970975967,0.404,0.89,3.17853701882889e-251,"9","S100A4"
"FCGBP",3.28922633576899e-254,-1.43979632264286,0.434,0.88,6.57845267153798e-251,"9","FCGBP"
"SDC2",8.84109341044217e-253,-0.457007793563856,0.478,0.844,1.76821868208844e-249,"9","SDC2"
"EGFR.1",1.48629191475624e-252,-0.988051823261238,0.453,0.841,2.97258382951248e-249,"9","EGFR"
"GBP1.1",1.15699253599316e-250,-0.792548399735532,0.451,0.866,2.31398507198631e-247,"9","GBP1"
"OAF.1",1.24764801763285e-246,-0.301982493632592,0.376,0.79,2.4952960352657e-243,"9","OAF"
"CA3.1",1.449381722952e-245,-0.315133308365873,0.411,0.811,2.89876344590399e-242,"9","CA3"
"CXCL3",2.82102977433934e-242,-0.417854015705098,0.331,0.811,5.64205954867868e-239,"9","CXCL3"
"KCTD12",1.55900140043776e-241,-0.519726991427631,0.43,0.853,3.11800280087552e-238,"9","KCTD12"
"SAA1",2.18976445525099e-240,-1.02504400926873,0.42,0.882,4.37952891050197e-237,"9","SAA1"
"STOM",2.93153563041935e-238,-0.49072679990404,0.438,0.827,5.86307126083871e-235,"9","STOM"
"LTF.1",5.09210563057326e-237,-0.522350435751467,0.409,0.843,1.01842112611465e-233,"9","LTF"
"SRGN",5.64100322852577e-237,-1.38682993399811,0.41,0.835,1.12820064570515e-233,"9","SRGN"
"MTUS1",7.62085743202181e-235,-0.566740826680909,0.37,0.787,1.52417148640436e-231,"9","MTUS1"
"C3",1.73391438862404e-233,-0.696990359354583,0.447,0.856,3.46782877724809e-230,"9","C3"
"NRP1",2.60961367169802e-233,-0.264315264788739,0.43,0.845,5.21922734339604e-230,"9","NRP1"
"FCGR3A",3.35857157825448e-230,-0.775450350090586,0.349,0.827,6.71714315650896e-227,"9","FCGR3A"
"CHI3L2.1",8.86947242465911e-226,-0.72172693511452,0.403,0.84,1.77389448493182e-222,"9","CHI3L2"
"VSIG4",2.61614962109281e-224,-0.638332906496258,0.243,0.754,5.23229924218563e-221,"9","VSIG4"
"PKIB",1.5108250991071e-222,-0.691978016567419,0.403,0.798,3.02165019821421e-219,"9","PKIB"
"FN1.1",1.63288770584395e-222,-1.34788829152517,0.568,0.91,3.26577541168791e-219,"9","FN1"
"PARP14",4.67726222181962e-221,-0.382743404899856,0.347,0.854,9.35452444363924e-218,"9","PARP14"
"VAMP8",7.39808776886664e-221,-0.778089355631402,0.318,0.825,1.47961755377333e-217,"9","VAMP8"
"MGP.1",7.68962871529178e-221,-0.730078754211029,0.506,0.886,1.53792574305836e-217,"9","MGP"
"GYPC",2.9897728511947e-220,-0.408028110334736,0.385,0.836,5.97954570238941e-217,"9","GYPC"
"EGLN3.1",4.4619838915023e-218,-0.555043511120868,0.413,0.806,8.9239677830046e-215,"9","EGLN3"
"AQP4.1",5.75816441300274e-213,-1.17885104627292,0.475,0.9,1.15163288260055e-209,"9","AQP4"
"COL1A2.1",1.16932762115674e-212,-0.439887357088959,0.426,0.87,2.33865524231347e-209,"9","COL1A2"
"HLA-E.1",2.83247990431546e-210,-0.980080720358581,0.489,0.884,5.66495980863092e-207,"9","HLA-E"
"MS4A7",2.18207712299215e-209,-0.680641317934617,0.364,0.826,4.3641542459843e-206,"9","MS4A7"
"IFI44L",1.66411213466659e-204,-0.406581538986005,0.409,0.778,3.32822426933318e-201,"9","IFI44L"
"CD93",3.40951469964587e-204,-0.313586668084396,0.306,0.788,6.81902939929174e-201,"9","CD93"
"GLIPR1",3.93106713262437e-204,-0.319574619734876,0.444,0.858,7.86213426524874e-201,"9","GLIPR1"
"ANGPTL4",1.04945837351403e-203,-0.778166411269606,0.466,0.86,2.09891674702807e-200,"9","ANGPTL4"
"FCER1G",1.01978712405057e-202,-1.29493879503982,0.414,0.873,2.03957424810114e-199,"9","FCER1G"
"MNDA.1",4.52877181374969e-202,-0.501432572470452,0.35,0.825,9.05754362749938e-199,"9","MNDA"
"CD163",1.48851500730725e-201,-0.814405761068125,0.364,0.818,2.97703001461449e-198,"9","CD163"
"CXCL8.1",5.44089483295675e-201,-0.802211777304649,0.447,0.848,1.08817896659135e-197,"9","CXCL8"
"S100A8",2.378568555946e-200,-0.589489493477443,0.365,0.861,4.75713711189199e-197,"9","S100A8"
"MS4A4A",1.08063361983249e-199,-0.396373946040935,0.375,0.83,2.16126723966499e-196,"9","MS4A4A"
"CYBA",6.96696775333119e-198,-1.25683767742372,0.411,0.847,1.39339355066624e-194,"9","CYBA"
"IFI27.1",8.25730625698611e-198,-0.631847960564266,0.467,0.822,1.65146125139722e-194,"9","IFI27"
"CD14",1.76305882090113e-197,-1.04294665108796,0.465,0.861,3.52611764180225e-194,"9","CD14"
"MAP7",3.24342493393348e-196,-0.268849284233892,0.342,0.75,6.48684986786695e-193,"9","MAP7"
"ALOX5AP",5.99203716141086e-192,-0.957509888623669,0.374,0.832,1.19840743228217e-188,"9","ALOX5AP"
"SLC39A14",8.91129177872284e-191,-0.30821336653894,0.31,0.761,1.78225835574457e-187,"9","SLC39A14"
"CP.2",2.94891406523104e-190,-0.514175412921384,0.255,0.725,5.89782813046209e-187,"9","CP"
"PLAUR",1.89986286322802e-189,-0.349017171140728,0.337,0.804,3.79972572645604e-186,"9","PLAUR"
"TAGLN.1",1.7757764157766e-187,-0.708569551198419,0.387,0.828,3.55155283155321e-184,"9","TAGLN"
"FCGR1A.1",6.36749434109783e-184,-0.382335683953757,0.374,0.813,1.27349886821957e-180,"9","FCGR1A"
"CXCL10.1",7.79047459654757e-183,-0.78474517496891,0.497,0.833,1.55809491930951e-179,"9","CXCL10"
"SERPINB1",4.33624583612405e-181,-0.368121419581867,0.281,0.779,8.6724916722481e-178,"9","SERPINB1"
"TFPI.1",2.43931648881466e-180,-0.563405588509128,0.487,0.8,4.87863297762933e-177,"9","TFPI"
"CTSL",8.10508949271186e-176,-0.621420010634069,0.394,0.825,1.62101789854237e-172,"9","CTSL"
"ARPC1B",4.10607198660111e-175,-0.815211063456824,0.408,0.867,8.21214397320223e-172,"9","ARPC1B"
"NUPR1",1.2762282784129e-174,-0.896674707297135,0.592,0.907,2.55245655682581e-171,"9","NUPR1"
"HLA-B",4.45579499575402e-173,-1.23641602003828,0.654,0.934,8.91158999150803e-170,"9","HLA-B"
"C1QC",5.94378552095883e-173,-1.3264742137542,0.467,0.859,1.18875710419177e-169,"9","C1QC"
"HP.1",4.49435056500281e-172,-0.278558586766996,0.533,0.825,8.98870113000563e-169,"9","HP"
"HLA-DPA1",6.14193370793564e-172,-0.83523086698748,0.476,0.848,1.22838674158713e-168,"9","HLA-DPA1"
"CYTL1.1",6.78486061347848e-170,-0.294506841961096,0.473,0.816,1.3569721226957e-166,"9","CYTL1"
"PLAAT4",1.64612908986004e-169,-0.506149590312983,0.393,0.805,3.29225817972009e-166,"9","PLAAT4"
"MGST1.1",3.35752071908018e-169,-0.663776895577918,0.386,0.775,6.71504143816035e-166,"9","MGST1"
"HLA-DRB5",1.44128700898981e-167,-0.308880641253805,0.403,0.788,2.88257401797963e-164,"9","HLA-DRB5"
"LINC01094",5.42704210610388e-167,-0.42322436199323,0.475,0.814,1.08540842122078e-163,"9","LINC01094"
"PTX3",1.16234974409688e-166,-0.310260796305731,0.483,0.798,2.32469948819376e-163,"9","PTX3"
"CYBB",1.3346103581749e-166,-0.454952647327592,0.429,0.795,2.66922071634979e-163,"9","CYBB"
"AIF1",3.18925287315884e-166,-1.14046239074422,0.47,0.874,6.37850574631769e-163,"9","AIF1"
"SESN3",3.71798016258045e-166,-0.288486427631904,0.499,0.867,7.43596032516091e-163,"9","SESN3"
"MSR1",3.8207865111309e-165,-0.51007536125197,0.429,0.839,7.64157302226181e-162,"9","MSR1"
"THSD7A.1",1.44951748876409e-164,-0.341954373915073,0.291,0.744,2.89903497752818e-161,"9","THSD7A"
"NPC2",1.11086723459792e-162,-1.37983926455383,0.52,0.912,2.22173446919584e-159,"9","NPC2"
"MYLK.1",1.41592279385534e-161,-0.321217158935365,0.426,0.816,2.83184558771067e-158,"9","MYLK"
"CD68.1",2.51155896569752e-160,-0.376288918012282,0.392,0.775,5.02311793139503e-157,"9","CD68"
"PLA2G2A",2.46936790052201e-159,-0.697121119889728,0.539,0.855,4.93873580104402e-156,"9","PLA2G2A"
"SAMSN1",1.66950330620833e-157,-0.359116090553626,0.295,0.754,3.33900661241667e-154,"9","SAMSN1"
"HBA1",7.18184035100716e-156,0.744944810691522,0.452,0.841,1.43636807020143e-152,"9","HBA1"
"CA2",8.25168972953466e-155,-0.297345821571893,0.278,0.73,1.65033794590693e-151,"9","CA2"
"CDC42EP4.1",1.06945200767769e-153,-0.349495274055827,0.339,0.757,2.13890401535539e-150,"9","CDC42EP4"
"GSN",5.16364509300228e-152,-0.563461424719341,0.435,0.802,1.03272901860046e-148,"9","GSN"
"FCGRT",3.04424407797367e-151,-0.695952311870092,0.558,0.917,6.08848815594735e-148,"9","FCGRT"
"CTSS",5.62502068478233e-150,-0.426713505881005,0.417,0.776,1.12500413695647e-146,"9","CTSS"
"IFI35",1.15720226191084e-149,-0.29020964582567,0.408,0.781,2.31440452382167e-146,"9","IFI35"
"APOC2",4.55455033138236e-149,-1.4380085950584,0.457,0.848,9.10910066276472e-146,"9","APOC2"
"AQP1",1.54488776808726e-148,-0.409615021424075,0.458,0.785,3.08977553617452e-145,"9","AQP1"
"CXCL2.1",5.06335708953182e-147,-0.338234675931494,0.45,0.785,1.01267141790636e-143,"9","CXCL2"
"C1orf162",8.8296313934099e-147,-0.384904885919445,0.38,0.817,1.76592627868198e-143,"9","C1orf162"
"TYROBP",1.44518094055222e-145,-1.62718175194766,0.568,0.894,2.89036188110444e-142,"9","TYROBP"
"ADAP2.1",4.70175173497642e-145,-0.339407165620413,0.336,0.765,9.40350346995284e-142,"9","ADAP2"
"SOD2",2.28118266144993e-144,-1.51548179301994,0.701,0.962,4.56236532289986e-141,"9","SOD2"
"RGS1",7.49238772372234e-144,-1.15042613495902,0.463,0.836,1.49847754474447e-140,"9","RGS1"
"SLA",1.64287911239936e-143,-0.29308022416996,0.365,0.741,3.28575822479872e-140,"9","SLA"
"PYCARD",2.89020366490773e-143,-0.487950958536483,0.448,0.811,5.78040732981545e-140,"9","PYCARD"
"APOL2.2",8.31223499805564e-143,-0.285539116670129,0.454,0.8,1.66244699961113e-139,"9","APOL2"
"PLIN2",4.95633974428644e-142,-0.671572285723635,0.418,0.804,9.91267948857288e-139,"9","PLIN2"
"HLA-DPB1",9.2251597822531e-142,-0.860464888143933,0.439,0.795,1.84503195645062e-138,"9","HLA-DPB1"
"ANXA1",1.27001896090515e-141,-0.614769000292954,0.592,0.911,2.5400379218103e-138,"9","ANXA1"
"CD37",9.35092316835537e-141,-0.28582845277505,0.283,0.719,1.87018463367107e-137,"9","CD37"
"C1QB",1.11318592457158e-139,-2.26163243691169,0.503,0.905,2.22637184914317e-136,"9","C1QB"
"SLPI",3.04900577199697e-139,-0.63213541193549,0.414,0.767,6.09801154399393e-136,"9","SLPI"
"EPAS1.2",3.56356917403711e-139,-0.480784827805443,0.357,0.767,7.12713834807421e-136,"9","EPAS1"
"C1orf54",3.87411213139466e-139,-0.293565973084492,0.377,0.763,7.74822426278932e-136,"9","C1orf54"
"NMB",7.40615464325898e-139,-1.119606557939,0.664,0.925,1.4812309286518e-135,"9","NMB"
"GMFG",1.36403883210816e-136,-0.431185200075284,0.393,0.779,2.72807766421633e-133,"9","GMFG"
"LAPTM5",4.11654690988048e-136,-0.761546123837865,0.381,0.797,8.23309381976095e-133,"9","LAPTM5"
"SELENOP.1",7.45059686343964e-134,-0.824540452812092,0.433,0.74,1.49011937268793e-130,"9","SELENOP"
"SERPING1.1",2.70676739815175e-133,-0.348251410355713,0.474,0.827,5.41353479630349e-130,"9","SERPING1"
"ACTA2.1",8.87610419364532e-131,-0.258622017868321,0.345,0.717,1.77522083872906e-127,"9","ACTA2"
"EZR",5.15896418583032e-130,-0.401853764371502,0.41,0.795,1.03179283716606e-126,"9","EZR"
"TREM2.2",6.48257739156382e-130,-0.547405599324222,0.311,0.706,1.29651547831276e-126,"9","TREM2"
"CPVL",2.59449819737964e-129,-0.318773223109248,0.395,0.699,5.18899639475928e-126,"9","CPVL"
"STAB1",7.67841664007107e-129,-0.308514449369137,0.494,0.838,1.53568332801421e-125,"9","STAB1"
"CD53",8.20256392554107e-129,-0.273843202146029,0.33,0.715,1.64051278510821e-125,"9","CD53"
"PCED1B-AS1",1.32914898660278e-128,-0.346701135032643,0.436,0.798,2.65829797320557e-125,"9","PCED1B-AS1"
"TSC22D3",1.92594497712983e-127,-0.548816354644344,0.427,0.804,3.85188995425967e-124,"9","TSC22D3"
"C21orf62.1",1.39827228347626e-125,-0.332373589373685,0.443,0.847,2.79654456695251e-122,"9","C21orf62"
"PTPRC",1.24582656203648e-124,-0.528089691184503,0.391,0.762,2.49165312407297e-121,"9","PTPRC"
"WARS.1",5.67981598207932e-123,-0.349862882268615,0.477,0.819,1.13596319641586e-119,"9","WARS"
"SLC11A1",9.93607803634478e-123,-0.517912883023204,0.403,0.785,1.98721560726896e-119,"9","SLC11A1"
"GPR183",9.49468037612552e-122,-0.303120832558978,0.529,0.789,1.8989360752251e-118,"9","GPR183"
"RNASE6",1.4549316557928e-121,-0.270950466444753,0.456,0.784,2.90986331158559e-118,"9","RNASE6"
"TENT5A.1",1.12786214103677e-120,-0.330142730108866,0.434,0.848,2.25572428207354e-117,"9","TENT5A"
"S100A9",1.76211354385645e-120,-0.910206243603048,0.592,0.907,3.52422708771291e-117,"9","S100A9"
"SERPINA3.1",5.14963645354273e-120,-0.808432046086705,0.448,0.838,1.02992729070855e-116,"9","SERPINA3"
"PSMB9",6.79000411929235e-120,-0.509643647681671,0.477,0.832,1.35800082385847e-116,"9","PSMB9"
"PLTP",8.49469245033336e-120,-0.637379442889998,0.451,0.827,1.69893849006667e-116,"9","PLTP"
"FRMD4B.1",1.88860324490661e-117,-0.289668076685627,0.391,0.761,3.77720648981323e-114,"9","FRMD4B"
"CXCR4",4.15018545217975e-117,-0.380752830720311,0.368,0.701,8.30037090435949e-114,"9","CXCR4"
"CSRP2.1",7.07785894272272e-117,-0.887583995987999,0.646,0.918,1.41557178854454e-113,"9","CSRP2"
"MX1",4.50824721357443e-116,-0.262856042715967,0.403,0.731,9.01649442714886e-113,"9","MX1"
"CCDC80.1",9.03889902593815e-116,-0.4178112678806,0.5,0.894,1.80777980518763e-112,"9","CCDC80"
"LIX1",2.43048270501096e-115,-0.366197234705243,0.339,0.713,4.86096541002191e-112,"9","LIX1"
"GPR34.1",9.58610596659152e-114,-0.31437218087877,0.289,0.712,1.9172211933183e-110,"9","GPR34"
"FBXO32.1",1.73976536540897e-113,-0.51881065338931,0.581,0.845,3.47953073081795e-110,"9","FBXO32"
"SPI1",7.96844211542061e-112,-0.288090726055508,0.518,0.791,1.59368842308412e-108,"9","SPI1"
"C1QA",2.38311422846143e-110,-1.87627532303475,0.567,0.907,4.76622845692287e-107,"9","C1QA"
"DEPP1",3.84444497602654e-110,-0.563656816230681,0.461,0.744,7.68888995205307e-107,"9","DEPP1"
"MAF.1",2.35101377085918e-109,-0.352142494642691,0.369,0.703,4.70202754171836e-106,"9","MAF"
"CSRP1",3.80917843736153e-107,-0.302444426740979,0.405,0.781,7.61835687472305e-104,"9","CSRP1"
"TMEM176B",1.37352116268385e-106,-0.256395750645221,0.432,0.804,2.7470423253677e-103,"9","TMEM176B"
"RND3.1",5.95300994673532e-104,-0.492845140523312,0.459,0.742,1.19060198934707e-100,"9","RND3"
"ID4",7.01353237408807e-102,-0.3835327461988,0.468,0.837,1.40270647481761e-98,"9","ID4"
"MYL12A",1.41877773547172e-101,-0.477085264489488,0.561,0.901,2.83755547094344e-98,"9","MYL12A"
"RNASET2",2.33508222425884e-101,-1.08484304519617,0.592,0.878,4.67016444851769e-98,"9","RNASET2"
"LPAR6.1",4.86528047427994e-101,-0.361814499353019,0.358,0.702,9.73056094855988e-98,"9","LPAR6"
"TMIGD3.1",1.17133334932527e-100,-0.478961448444539,0.488,0.825,2.34266669865054e-97,"9","TMIGD3"
"SLCO2B1",2.88444442533964e-100,-0.292564931246229,0.489,0.776,5.76888885067929e-97,"9","SLCO2B1"
"ARHGDIB",8.7181746222385e-100,-0.459804544410463,0.392,0.75,1.7436349244477e-96,"9","ARHGDIB"
"IER3.2",4.92067522175015e-99,-0.488248646094934,0.327,0.665,9.84135044350029e-96,"9","IER3"
"FCGR2A",1.02208071694777e-98,-0.336330683758535,0.419,0.73,2.04416143389554e-95,"9","FCGR2A"
"IFI6",1.22926611171832e-98,-0.879748962164753,0.507,0.773,2.45853222343664e-95,"9","IFI6"
"COL6A2.1",1.45194172816765e-97,-0.361439369511005,0.355,0.724,2.90388345633529e-94,"9","COL6A2"
"SLC2A1",2.47662692224718e-97,-0.263072389099359,0.395,0.732,4.95325384449436e-94,"9","SLC2A1"
"DUSP1.1",4.84750799451769e-96,-0.894383328825494,0.262,0.702,9.69501598903538e-93,"9","DUSP1"
"CD74",8.16359847623947e-94,-1.2956311683819,0.494,0.803,1.63271969524789e-90,"9","CD74"
"MT1X",1.02649933495934e-92,-1.90057458629855,0.602,0.899,2.05299866991868e-89,"9","MT1X"
"MBP.1",1.49569901995562e-89,-0.753694610448832,0.379,0.752,2.99139803991124e-86,"9","MBP"
"IL1B",7.1398855846287e-89,-0.281374684547887,0.325,0.698,1.42797711692574e-85,"9","IL1B"
"PLEK",3.01344899529175e-86,-0.282626176426881,0.349,0.68,6.0268979905835e-83,"9","PLEK"
"TYMP",3.36573485202383e-85,-0.543366459167804,0.525,0.812,6.73146970404765e-82,"9","TYMP"
"ERO1A",4.69014939932767e-84,-0.266625321925584,0.397,0.726,9.38029879865534e-81,"9","ERO1A"
"CCL3",2.11560841822365e-83,-1.88879821218826,0.514,0.773,4.2312168364473e-80,"9","CCL3"
"PSME2",5.09945260760285e-83,-0.487417444351655,0.615,0.904,1.01989052152057e-79,"9","PSME2"
"LY96",8.55508220077559e-83,-0.263390096856743,0.388,0.753,1.71101644015512e-79,"9","LY96"
"NDRG1",1.35746875914604e-80,-0.626741804903107,0.476,0.779,2.71493751829208e-77,"9","NDRG1"
"ISG15",3.30712142909852e-80,-0.837247957909568,0.481,0.779,6.61424285819704e-77,"9","ISG15"
"LST1",1.41912356960503e-79,-0.482536108798491,0.399,0.742,2.83824713921005e-76,"9","LST1"
"STAT1",3.91133586564955e-79,-0.314317794191239,0.454,0.766,7.82267173129911e-76,"9","STAT1"
"F3.1",1.06050884005174e-78,-0.455809577262429,0.619,0.891,2.12101768010348e-75,"9","F3"
"A2M.1",1.23614243499279e-77,-0.31715892577177,0.404,0.741,2.47228486998558e-74,"9","A2M"
"SERPINE1.1",1.24096614698258e-77,-0.293283897361492,0.399,0.724,2.48193229396517e-74,"9","SERPINE1"
"TMEM100",4.0356681145808e-77,-0.291397866459859,0.474,0.808,8.07133622916159e-74,"9","TMEM100"
"FYB1",7.26381296733793e-77,-0.587375355294492,0.389,0.712,1.45276259346759e-73,"9","FYB1"
"APOC1",1.16501664311567e-74,-1.25895492117975,0.469,0.759,2.33003328623135e-71,"9","APOC1"
"CD82.1",5.38355756894335e-74,-0.293339862357305,0.46,0.753,1.07671151378867e-70,"9","CD82"
"TAP1",5.39516055541407e-74,-0.328790708388757,0.442,0.726,1.07903211108281e-70,"9","TAP1"
"RGS10",1.60724294446106e-73,-0.600991650834009,0.445,0.751,3.21448588892213e-70,"9","RGS10"
"HCST",2.86062837049706e-73,-0.511696343112141,0.458,0.733,5.72125674099411e-70,"9","HCST"
"HBA2",1.94007130061573e-72,0.993145186682915,0.526,0.877,3.88014260123146e-69,"9","HBA2"
"MGLL",4.39211214773838e-70,-0.269396610452576,0.36,0.703,8.78422429547676e-67,"9","MGLL"
"NINJ1",8.93322469593552e-70,-0.429993261344061,0.376,0.681,1.7866449391871e-66,"9","NINJ1"
"LPCAT2",1.47099331063564e-68,-0.251528606353033,0.335,0.659,2.94198662127127e-65,"9","LPCAT2"
"RNF19A.1",1.58155341022857e-68,-0.386719290661368,0.505,0.886,3.16310682045714e-65,"9","RNF19A"
"VSIR",4.18756814022148e-68,-0.271581197861979,0.258,0.631,8.37513628044297e-65,"9","VSIR"
"GLRX",1.13884293607322e-67,-0.367875687224786,0.595,0.86,2.27768587214645e-64,"9","GLRX"
"EVI2B",1.16335246609372e-67,-0.250455470612321,0.386,0.688,2.32670493218744e-64,"9","EVI2B"
"CDK1",7.3453508251133e-67,-0.349416402793083,0.384,0.728,1.46907016502266e-63,"9","CDK1"
"MT1E",7.80293053144632e-67,-0.402420262499806,0.346,0.686,1.56058610628926e-63,"9","MT1E"
"PLP2",2.96136401156511e-66,-0.312287930879832,0.399,0.719,5.92272802313022e-63,"9","PLP2"
"IRF1.1",3.48412173852955e-65,-0.387439278142921,0.434,0.714,6.9682434770591e-62,"9","IRF1"
"HLA-DQB1",3.87121109019121e-65,-0.445629509442949,0.394,0.681,7.74242218038242e-62,"9","HLA-DQB1"
"HSPA6",7.34588451766853e-65,-0.409098091131802,0.361,0.657,1.46917690353371e-61,"9","HSPA6"
"HCLS1",4.51462154056944e-64,-0.349277741570583,0.412,0.711,9.02924308113888e-61,"9","HCLS1"
"RNASE1.2",3.77725264699079e-63,-0.383441010215787,0.234,0.587,7.55450529398158e-60,"9","RNASE1"
"HLA-DRA",9.37555652185762e-63,-0.673087364067037,0.601,0.866,1.87511130437152e-59,"9","HLA-DRA"
"S100A16.1",4.90870414797092e-59,-0.543392702273865,0.642,0.916,9.81740829594184e-56,"9","S100A16"
"GADD45B",1.04331206175506e-58,-0.436986745403412,0.52,0.811,2.08662412351012e-55,"9","GADD45B"
"MKI67.1",3.03047061383196e-57,-0.481065308906638,0.407,0.716,6.06094122766392e-54,"9","MKI67"
"CORO1A.1",6.30119219247091e-55,-0.375708911261576,0.321,0.649,1.26023843849418e-51,"9","CORO1A"
"AHCYL1.1",7.42868494449319e-54,-0.348654611808074,0.551,0.854,1.48573698889864e-50,"9","AHCYL1"
"CCL4L2",6.22033228253221e-52,-0.552243741544246,0.378,0.66,1.24406645650644e-48,"9","CCL4L2"
"HLA-DMB",7.92008227844769e-52,-0.308832481250896,0.468,0.729,1.58401645568954e-48,"9","HLA-DMB"
"ALPK2",4.36191946955326e-51,0.289787681319373,0.385,0.742,8.72383893910651e-48,"9","ALPK2"
"PRC1.1",1.87258401797603e-48,-0.350662602220382,0.369,0.668,3.74516803595206e-45,"9","PRC1"
"PCLAF.1",1.82034222373869e-47,-0.463446872028626,0.448,0.714,3.64068444747738e-44,"9","PCLAF"
"ZFP36",3.0446417424304e-47,-0.300726243013758,0.504,0.783,6.08928348486079e-44,"9","ZFP36"
"NUSAP1.1",9.20736633674582e-46,-0.530003745237913,0.386,0.68,1.84147326734916e-42,"9","NUSAP1"
"CEBPB",3.87325404715053e-44,-0.274288658808016,0.267,0.578,7.74650809430105e-41,"9","CEBPB"
"CENPF.2",3.60895616826294e-36,-0.560117032459094,0.351,0.624,7.21791233652588e-33,"9","CENPF"
"HIST1H1C",4.0618894504035e-35,-0.305555501340723,0.372,0.66,8.123778900807e-32,"9","HIST1H1C"
"FILIP1L",6.66109645660413e-31,0.289406928547898,0.486,0.819,1.33221929132082e-27,"9","FILIP1L"
"PXDN",5.54027528996763e-27,0.301312735915647,0.394,0.732,1.10805505799353e-23,"9","PXDN"
"PRRX1.1",1.16007127364362e-26,0.251096105753793,0.457,0.834,2.32014254728725e-23,"9","PRRX1"
"TNFAIP6.1",8.14956875515649e-24,0.315806225335849,0.567,0.826,1.6299137510313e-20,"9","TNFAIP6"
"MEF2C.1",2.99881715805433e-23,-0.438273823221848,0.331,0.593,5.99763431610866e-20,"9","MEF2C"
"DOK5.1",1.38654987558437e-18,0.289712422796356,0.545,0.815,2.77309975116874e-15,"9","DOK5"
"PRSS23.1",3.49261454521825e-17,0.263336692437427,0.53,0.787,6.9852290904365e-14,"9","PRSS23"
"LZTS1.1",4.01723126225955e-15,0.479747090021728,0.484,0.793,8.0344625245191e-12,"9","LZTS1"
"FHL2",1.01006478288426e-14,0.296426814104898,0.52,0.793,2.02012956576852e-11,"9","FHL2"
"DIRAS3",3.51045840738757e-12,0.496530263841063,0.516,0.774,7.02091681477515e-09,"9","DIRAS3"
"RPE65",1.50519759984802e-09,0.300654166507749,0.492,0.781,3.01039519969605e-06,"9","RPE65"
"COL5A2.1",8.671714062352e-09,0.508394321400571,0.59,0.873,1.7343428124704e-05,"9","COL5A2"
"CDH19",0.000176557897938564,0.68982594803232,0.499,0.771,0.353115795877127,"9","CDH19"
"APOD.1",0,1.6504198505062,0.958,0.634,0,"10","APOD"
"PLP1.2",0,1.50300680566958,0.939,0.554,0,"10","PLP1"
"CLDN11.1",0,1.33621364901725,0.937,0.506,0,"10","CLDN11"
"TF.1",0,1.3224068154375,0.93,0.471,0,"10","TF"
"UGT8.2",0,1.3070981505504,0.915,0.551,0,"10","UGT8"
"MAG.1",0,0.933509701131381,0.939,0.589,0,"10","MAG"
"MOBP.1",0,0.777455553882335,0.947,0.576,0,"10","MOBP"
"ABCA2.1",0,0.757574843674473,0.902,0.534,0,"10","ABCA2"
"SLC24A2.1",0,0.708409399565996,0.902,0.4,0,"10","SLC24A2"
"EDIL3.2",0,0.699724110765404,0.928,0.488,0,"10","EDIL3"
"ERMN.2",0,0.68810478980592,0.942,0.591,0,"10","ERMN"
"ENPP2.1",0,0.623878753537622,0.939,0.609,0,"10","ENPP2"
"TMEM144.1",0,0.611197491283782,0.94,0.638,0,"10","TMEM144"
"KLK6.1",0,0.583570554053756,0.915,0.43,0,"10","KLK6"
"RAPGEF5.2",0,0.551537921773698,0.919,0.508,0,"10","RAPGEF5"
"CNDP1.1",0,0.54344096507609,0.915,0.423,0,"10","CNDP1"
"CARNS1.1",0,0.506942714569192,0.901,0.541,0,"10","CARNS1"
"PLPP2",0,0.481322976512332,0.915,0.467,0,"10","PLPP2"
"GJB1",0,0.477834672602056,0.937,0.582,0,"10","GJB1"
"SPOCK3.1",0,0.440183958908211,0.907,0.387,0,"10","SPOCK3"
"FGFR2.1",0,0.395161393525635,0.897,0.553,0,"10","FGFR2"
"PLEKHH1.1",0,0.33975659086809,0.916,0.591,0,"10","PLEKHH1"
"CNTNAP4.1",0,0.334769560473476,0.93,0.407,0,"10","CNTNAP4"
"ANKRD18A.1",0,0.303540161180774,0.962,0.475,0,"10","ANKRD18A"
"PEX5L.1",0,0.303474882169294,0.879,0.468,0,"10","PEX5L"
"SH3GL3.1",0,0.293359908806623,0.889,0.427,0,"10","SH3GL3"
"SLCO1A2.1",0,0.288507154026052,0.944,0.418,0,"10","SLCO1A2"
"PCSK6.1",0,0.266132269794183,0.903,0.465,0,"10","PCSK6"
"RBP7",0,0.251059983106164,0.937,0.648,0,"10","RBP7"
"HAPLN2.1",2.21782039142149e-307,0.365787406904985,0.873,0.358,4.43564078284299e-304,"10","HAPLN2"
"TMEM125",2.55417086115296e-301,0.275400216596245,0.859,0.435,5.10834172230592e-298,"10","TMEM125"
"MAL.1",9.60215198715902e-298,0.465359949076672,0.885,0.453,1.9204303974318e-294,"10","MAL"
"PTPRD.1",5.35622119247242e-296,0.521235173419877,0.959,0.604,1.07124423849448e-292,"10","PTPRD"
"CNP.2",5.32451116098521e-283,1.25454416243213,0.944,0.684,1.06490223219704e-279,"10","CNP"
"RNASE1.3",8.11575843607038e-283,0.447369101749066,0.93,0.573,1.62315168721408e-279,"10","RNASE1"
"ANLN.4",1.80826333497503e-279,0.51488696048381,0.921,0.592,3.61652666995007e-276,"10","ANLN"
"SYNJ2.1",1.3972251121028e-273,0.478292761797852,0.942,0.669,2.79445022420561e-270,"10","SYNJ2"
"HHIP",2.61544726165441e-267,0.289330944595729,0.87,0.572,5.23089452330882e-264,"10","HHIP"
"A2M.2",3.87453189517755e-266,-0.909229204493259,0.273,0.742,7.74906379035511e-263,"10","A2M"
"PTGDS.1",2.62118566222466e-265,1.45293407439743,0.88,0.468,5.24237132444933e-262,"10","PTGDS"
"AATK",1.61558454933664e-262,0.637637299245366,0.924,0.607,3.23116909867328e-259,"10","AATK"
"CDK18",2.19669707529034e-259,0.523172955047045,0.883,0.584,4.39339415058068e-256,"10","CDK18"
"ANKS1B.2",1.29226460331191e-254,0.666046579445906,0.876,0.47,2.58452920662382e-251,"10","ANKS1B"
"HHATL.1",8.24176927610393e-253,0.317352266698376,0.837,0.422,1.64835385522079e-249,"10","HHATL"
"SERPINI1.1",9.60025239068338e-253,0.278288565204092,0.879,0.505,1.92005047813668e-249,"10","SERPINI1"
"SIRT2",6.25394744209525e-251,1.08727300914359,0.941,0.672,1.25078948841905e-247,"10","SIRT2"
"NECAB1.1",5.18872159535239e-249,0.343583780658692,0.896,0.605,1.03774431907048e-245,"10","NECAB1"
"SLC44A1.2",1.27649180719498e-246,0.998158160128119,0.93,0.665,2.55298361438996e-243,"10","SLC44A1"
"SEMA4D.1",1.05162221621019e-243,0.471724483121414,0.873,0.599,2.10324443242038e-240,"10","SEMA4D"
"ST18.1",1.58644402354033e-241,0.465793887112955,0.836,0.461,3.17288804708065e-238,"10","ST18"
"APLP1.2",2.18977048450177e-240,1.14920406520063,0.901,0.609,4.37954096900353e-237,"10","APLP1"
"LYZ.1",8.31023551224634e-238,-0.280074099360515,0.486,0.789,1.66204710244927e-234,"10","LYZ"
"PLCL1.1",3.67814586744171e-215,0.314149272216401,0.817,0.445,7.35629173488341e-212,"10","PLCL1"
"AMER2.2",4.82071310337825e-212,0.623792829987696,0.868,0.545,9.64142620675651e-209,"10","AMER2"
"LARP6",4.14857792858483e-195,0.63965541042787,0.905,0.616,8.29715585716967e-192,"10","LARP6"
"BCAS1.1",1.69737099922099e-194,1.18446282543856,0.813,0.505,3.39474199844198e-191,"10","BCAS1"
"CDKN1C.1",8.63072589118899e-193,0.702616205191713,0.823,0.491,1.7261451782378e-189,"10","CDKN1C"
"DPYSL5.1",4.26203743081619e-185,0.281957390502074,0.905,0.654,8.52407486163239e-182,"10","DPYSL5"
"SEPTIN4.1",4.83625011738697e-185,0.548605106729076,0.857,0.537,9.67250023477394e-182,"10","SEPTIN4"
"AC009041.2.1",3.74390205300027e-183,0.876721317093348,0.835,0.573,7.48780410600054e-180,"10","AC009041.2"
"PIP4K2A.1",8.63747690333386e-181,0.706410274112661,0.845,0.549,1.72749538066677e-177,"10","PIP4K2A"
"SILC1",3.38651869283667e-179,0.598419230695022,0.817,0.554,6.77303738567334e-176,"10","SILC1"
"TUBB4A.1",1.45747972854811e-169,0.971479522675003,0.785,0.464,2.91495945709622e-166,"10","TUBB4A"
"FERMT1",1.54168060150512e-161,0.609070083720983,0.85,0.569,3.08336120301025e-158,"10","FERMT1"
"STMN4",2.97588889910331e-160,0.517808068743081,0.908,0.654,5.95177779820661e-157,"10","STMN4"
"EFHD1",2.2026698029683e-159,0.371380049474431,0.801,0.434,4.40533960593661e-156,"10","EFHD1"
"PADI2",8.41892492825177e-158,0.27220976604238,0.815,0.513,1.68378498565035e-154,"10","PADI2"
"PRSS23.2",6.9138692677769e-155,-0.415191594734436,0.529,0.787,1.38277385355538e-151,"10","PRSS23"
"SORT1.1",3.50192300573459e-150,0.470611796382626,0.941,0.673,7.00384601146917e-147,"10","SORT1"
"TNR.1",8.97234796944457e-150,0.958092309533842,0.831,0.564,1.79446959388891e-146,"10","TNR"
"CENPE.1",2.11581488756167e-141,-0.290451084535508,0.925,0.616,4.23162977512334e-138,"10","CENPE"
"CMTM5.1",3.18863848591257e-123,0.590485437956017,0.765,0.502,6.37727697182514e-120,"10","CMTM5"
"S100A1.1",1.7508211396403e-115,1.13244714227922,0.734,0.462,3.50164227928059e-112,"10","S100A1"
"GPR17",7.90627871861825e-115,0.473695241470495,0.745,0.448,1.58125574372365e-111,"10","GPR17"
"GPD1.1",1.87208369162846e-95,0.474041533905462,0.7,0.421,3.74416738325692e-92,"10","GPD1"
"CITED2",2.78508382851161e-90,-0.297742557149394,0.208,0.468,5.57016765702321e-87,"10","CITED2"
"SVIP.1",1.08748710400932e-88,0.34321146221053,0.711,0.354,2.17497420801864e-85,"10","SVIP"
"IFITM2",4.0871890976526e-88,-0.357156112262701,0.43,0.69,8.1743781953052e-85,"10","IFITM2"
"PBK.2",2.39291979757588e-86,-0.338359883461161,0.951,0.689,4.78583959515176e-83,"10","PBK"
"MOG.1",1.45816642610723e-71,0.37782369965891,0.679,0.404,2.91633285221445e-68,"10","MOG"
"SRCIN1",4.76780788440981e-62,0.286983079408377,0.665,0.395,9.53561576881963e-59,"10","SRCIN1"
"CENPF.3",5.97352220488354e-30,-0.560573463712445,0.87,0.613,1.19470444097671e-26,"10","CENPF"
"CCNB1.1",9.05497766711088e-15,-0.336179747917679,0.865,0.593,1.81099553342218e-11,"10","CCNB1"
"MYO1B",1.02587894522773e-239,2.19963143744298,0.964,0.419,2.05175789045545e-236,"11","MYO1B"
"NID1",5.60643061778609e-239,2.13432613696643,0.966,0.583,1.12128612355722e-235,"11","NID1"
"CFH",3.87401700171987e-211,1.2662339297093,0.9,0.301,7.74803400343975e-208,"11","CFH"
"SELENOM",2.77324304278821e-206,2.12977245670742,0.964,0.479,5.54648608557642e-203,"11","SELENOM"
"GNG11",4.30357351396028e-205,2.42199551212476,0.939,0.589,8.60714702792057e-202,"11","GNG11"
"CARMN",2.21738947107323e-204,1.66065257436496,0.92,0.599,4.43477894214646e-201,"11","CARMN"
"COL3A1",2.14875591469968e-202,2.05870620491545,0.915,0.547,4.29751182939935e-199,"11","COL3A1"
"PCDH18",9.71225129738257e-191,0.889578936608012,0.9,0.51,1.94245025947651e-187,"11","PCDH18"
"MIR4435-2HG",3.23956889970467e-190,2.33171536921991,0.968,0.692,6.47913779940934e-187,"11","MIR4435-2HG"
"ENPEP",1.91450304878611e-185,0.826262371278455,0.879,0.49,3.82900609757222e-182,"11","ENPEP"
"ITGA1",2.21218213687069e-185,2.28170910232055,0.905,0.57,4.42436427374138e-182,"11","ITGA1"
"MCAM",9.02283718183824e-179,1.33070073331488,0.917,0.548,1.80456743636765e-175,"11","MCAM"
"PRKG1",2.88845783662844e-176,0.733752306197047,0.871,0.509,5.77691567325687e-173,"11","PRKG1"
"APOLD1",3.02749190495025e-172,1.89375493106452,0.898,0.442,6.0549838099005e-169,"11","APOLD1"
"COL18A1",4.07718753715217e-168,1.70016063289573,0.888,0.501,8.15437507430435e-165,"11","COL18A1"
"RGS5",6.12025846617836e-164,3.43332870616276,0.876,0.564,1.22405169323567e-160,"11","RGS5"
"ADGRL4",8.66351455301263e-161,2.06411959788724,0.852,0.42,1.73270291060253e-157,"11","ADGRL4"
"CD248",8.33741118101433e-158,0.915231383717411,0.852,0.531,1.66748223620287e-154,"11","CD248"
"TBX2",3.52324241713238e-157,0.667094043901815,0.871,0.605,7.04648483426476e-154,"11","TBX2"
"PTP4A3",5.47939613452622e-157,1.38356102991475,0.893,0.471,1.09587922690524e-153,"11","PTP4A3"
"LAMC3",5.91978322070873e-156,0.657136073855491,0.823,0.313,1.18395664414175e-152,"11","LAMC3"
"UNC5B",1.89184934958699e-147,1.08204834840776,0.896,0.567,3.78369869917398e-144,"11","UNC5B"
"FLT1",2.89840185845045e-146,2.00618255661401,0.842,0.51,5.79680371690089e-143,"11","FLT1"
"PPP1R14A.1",1.29576985115758e-145,1.67349415730458,0.93,0.666,2.59153970231517e-142,"11","PPP1R14A"
"PDLIM1",4.5889086663351e-143,1.49696885156257,0.874,0.501,9.1778173326702e-140,"11","PDLIM1"
"VWF",2.07929605428087e-141,2.68669737958566,0.847,0.577,4.15859210856174e-138,"11","VWF"
"EMCN",9.72597590939543e-140,1.26681676303618,0.825,0.495,1.94519518187909e-136,"11","EMCN"
"TUBB2B.1",1.01918527652931e-138,-2.27688718672778,0.614,0.905,2.03837055305862e-135,"11","TUBB2B"
"COX7A1",7.25196677331054e-137,1.57607428119235,0.837,0.432,1.45039335466211e-133,"11","COX7A1"
"PCAT19",3.04614099632215e-130,1.95049526348849,0.828,0.475,6.0922819926443e-127,"11","PCAT19"
"SVIL",1.82979875310521e-128,0.814668859709282,0.813,0.444,3.65959750621042e-125,"11","SVIL"
"MMP9",5.48044322547976e-128,0.768657679680716,0.789,0.286,1.09608864509595e-124,"11","MMP9"
"GJC1",6.83760952831374e-128,0.882608251093936,0.893,0.574,1.36752190566275e-124,"11","GJC1"
"PCSK1N.1",2.79614352668424e-126,-1.20537378606303,0.534,0.867,5.59228705336849e-123,"11","PCSK1N"
"PLXDC1",6.21124808965281e-126,1.31852010811317,0.818,0.467,1.24224961793056e-122,"11","PLXDC1"
"EGFL7",4.4631871713109e-123,1.81826057045044,0.823,0.565,8.92637434262179e-120,"11","EGFL7"
"CCDC3",2.05672509434789e-122,0.799958343121542,0.791,0.413,4.11345018869578e-119,"11","CCDC3"
"HEYL",8.95481458374184e-121,0.582575772379889,0.784,0.433,1.79096291674837e-117,"11","HEYL"
"NMB.1",1.53048548657136e-120,-1.6053262989858,0.595,0.922,3.06097097314271e-117,"11","NMB"
"FILIP1",1.11107725110081e-119,0.855683759648143,0.816,0.561,2.22215450220162e-116,"11","FILIP1"
"MXRA5",2.69343552755592e-118,0.394156652140826,0.779,0.363,5.38687105511185e-115,"11","MXRA5"
"FAM162B",7.46168022525705e-118,0.85724546687046,0.794,0.489,1.49233604505141e-114,"11","FAM162B"
"AQP4.2",1.1946748682227e-116,-1.65772370482672,0.612,0.893,2.38934973644541e-113,"11","AQP4"
"ADGRF5",2.48990512068657e-116,1.69255901202252,0.799,0.433,4.97981024137314e-113,"11","ADGRF5"
"F2R.1",1.34002034316339e-114,1.03347776956139,0.879,0.618,2.68004068632679e-111,"11","F2R"
"CNR1.1",2.35319245437391e-114,-0.661415982637882,0.534,0.835,4.70638490874781e-111,"11","CNR1"
"SPINK8",2.16597318961844e-113,1.5662810851996,0.767,0.287,4.33194637923689e-110,"11","SPINK8"
"TMEM204",2.42318282577013e-113,1.5969147086011,0.806,0.538,4.84636565154025e-110,"11","TMEM204"
"ABCC9",3.14083737714379e-113,0.710318258752906,0.779,0.393,6.28167475428757e-110,"11","ABCC9"
"MEF2C.2",4.3640854789951e-113,1.37750962481326,0.898,0.585,8.7281709579902e-110,"11","MEF2C"
"AGRN",3.04855263994846e-112,1.08082646977449,0.842,0.59,6.09710527989692e-109,"11","AGRN"
"TUSC3",2.1973313669576e-111,0.605292263858402,0.774,0.332,4.39466273391521e-108,"11","TUSC3"
"CCN2",4.15851976561732e-111,2.56237337779364,0.806,0.503,8.31703953123465e-108,"11","CCN2"
"PDE5A",9.26338073882688e-111,0.72282446915018,0.794,0.544,1.85267614776538e-107,"11","PDE5A"
"DUXAP8",3.80043756925413e-109,1.34387151622363,0.799,0.395,7.60087513850825e-106,"11","DUXAP8"
"TBX3",8.38634163361171e-103,0.78781677608999,0.76,0.369,1.67726832672234e-99,"11","TBX3"
"TNS3",1.86848557942295e-102,0.622296583859306,0.835,0.479,3.7369711588459e-99,"11","TNS3"
"JAG2",5.61112211288785e-99,0.73690494240047,0.772,0.51,1.12222442257757e-95,"11","JAG2"
"TPM2",1.09036483035513e-98,2.05214888833958,0.852,0.588,2.18072966071025e-95,"11","TPM2"
"PDGFB",7.00063685429291e-98,1.20975505817068,0.786,0.463,1.40012737085858e-94,"11","PDGFB"
"ECSCR",8.34577754580869e-98,1.83786780953568,0.735,0.29,1.66915550916174e-94,"11","ECSCR"
"SLFN5.1",5.25961353534253e-97,0.64265727876783,0.791,0.514,1.05192270706851e-93,"11","SLFN5"
"ITM2A",4.62876089961142e-96,2.80480361707401,0.76,0.419,9.25752179922285e-93,"11","ITM2A"
"CAVIN2",1.32866798363913e-94,1.33538099885175,0.752,0.47,2.65733596727826e-91,"11","CAVIN2"
"SEPTIN4.2",6.82107194226208e-91,0.675903935921658,0.833,0.541,1.36421438845242e-87,"11","SEPTIN4"
"DTNA.1",2.25534170434846e-90,-0.980882175671456,0.466,0.841,4.51068340869691e-87,"11","DTNA"
"NOTCH4",1.0544485392911e-89,1.56342299359382,0.794,0.518,2.1088970785822e-86,"11","NOTCH4"
"ID2",2.57551353796031e-86,-1.3826220791844,0.648,0.902,5.15102707592062e-83,"11","ID2"
"GPR37.2",2.35226447000657e-85,-0.520485785688508,0.454,0.813,4.70452894001315e-82,"11","GPR37"
"FHL5",2.85958878938233e-85,0.295018056896518,0.706,0.306,5.71917757876466e-82,"11","FHL5"
"TESC",5.46603919484429e-85,0.579857022979514,0.738,0.384,1.09320783896886e-81,"11","TESC"
"RGCC",2.97597584311108e-84,1.62630478135096,0.796,0.539,5.95195168622216e-81,"11","RGCC"
"TMEM176B.1",7.76947797949821e-84,-0.598482361275052,0.471,0.799,1.55389559589964e-80,"11","TMEM176B"
"PLAU",8.83830782614021e-83,-0.296700798684963,0.573,0.824,1.76766156522804e-79,"11","PLAU"
"SLC7A5",3.21143952142068e-82,1.55268671127141,0.748,0.467,6.42287904284136e-79,"11","SLC7A5"
"CA3.2",2.18148738885088e-80,-0.313564636119841,0.51,0.805,4.36297477770175e-77,"11","CA3"
"RAPGEF5.3",1.26710692735908e-79,0.478033238990897,0.789,0.513,2.53421385471816e-76,"11","RAPGEF5"
"INSR",2.61677670269098e-77,1.77056758874869,0.774,0.499,5.23355340538196e-74,"11","INSR"
"CTHRC1",1.88933630567252e-75,1.03847210443154,0.699,0.293,3.77867261134504e-72,"11","CTHRC1"
"LRRC32",4.19606103407859e-75,0.944669563377969,0.709,0.403,8.39212206815717e-72,"11","LRRC32"
"HMOX1",7.99596471997712e-74,-0.390122502568878,0.257,0.702,1.59919294399542e-70,"11","HMOX1"
"INSIG1",2.7397370730544e-71,-0.421795515446191,0.42,0.821,5.4794741461088e-68,"11","INSIG1"
"LTF.2",7.47382188351349e-71,-0.626789537911283,0.532,0.837,1.4947643767027e-67,"11","LTF"
"SFTA1P",7.80108696761412e-71,0.375101731573328,0.682,0.309,1.56021739352282e-67,"11","SFTA1P"
"CA12.1",1.72324028006831e-70,-0.528141635660241,0.386,0.755,3.44648056013663e-67,"11","CA12"
"GPR4",5.45047586326545e-69,0.689624839505321,0.689,0.296,1.09009517265309e-65,"11","GPR4"
"SLC6A1.1",1.4543625485921e-66,0.635704090673408,0.75,0.48,2.9087250971842e-63,"11","SLC6A1"
"BEX1.4",2.77705322639669e-66,-0.885465879177867,0.299,0.677,5.55410645279338e-63,"11","BEX1"
"RBPMS",1.70464148257085e-65,0.557672679868618,0.704,0.437,3.40928296514171e-62,"11","RBPMS"
"C1QL1.1",4.05359768084548e-65,-0.596405035380372,0.32,0.685,8.10719536169096e-62,"11","C1QL1"
"SVIP.2",4.65640645834112e-65,0.427671050240618,0.762,0.358,9.31281291668223e-62,"11","SVIP"
"SLC2A5.1",4.87417582523393e-65,-0.251387521161195,0.473,0.734,9.74835165046785e-62,"11","SLC2A5"
"HLA-DRB5.1",2.51453518250669e-64,-0.371553131838514,0.505,0.782,5.02907036501339e-61,"11","HLA-DRB5"
"JCAD",4.98885377993822e-64,0.912422305828314,0.675,0.286,9.97770755987643e-61,"11","JCAD"
"TMEM176A",9.42523874383374e-63,-0.344684859120817,0.454,0.737,1.88504774876675e-59,"11","TMEM176A"
"ERG",1.19608851010023e-62,0.600991667083077,0.672,0.337,2.39217702020045e-59,"11","ERG"
"NEURL1B.1",2.64052984597564e-62,0.266138114067694,0.726,0.411,5.28105969195129e-59,"11","NEURL1B"
"FAM43A",3.08523813971909e-60,0.845643807168187,0.694,0.364,6.17047627943817e-57,"11","FAM43A"
"HES6",2.39849384530932e-59,-0.577595319404813,0.286,0.669,4.79698769061865e-56,"11","HES6"
"CAV2",7.63495187311863e-59,0.886738994405294,0.687,0.288,1.52699037462373e-55,"11","CAV2"
"P2RY14",1.13595131779153e-57,0.252315946798413,0.653,0.298,2.27190263558307e-54,"11","P2RY14"
"ITGA10",2.87976798018302e-57,0.975507223767893,0.694,0.436,5.75953596036605e-54,"11","ITGA10"
"NR4A1",4.42449295330504e-57,0.555384828015365,0.777,0.507,8.84898590661008e-54,"11","NR4A1"
"PLPPR1.1",2.03312883350035e-55,-0.283951050982591,0.058,0.542,4.0662576670007e-52,"11","PLPPR1"
"PRELP",3.09519175772993e-54,0.76451138398117,0.646,0.249,6.19038351545985e-51,"11","PRELP"
"GPR85",5.67906515114679e-54,0.581534856306998,0.636,0.349,1.13581303022936e-50,"11","GPR85"
"QDPR.1",2.28683088013569e-53,-0.635074484201957,0.447,0.743,4.57366176027139e-50,"11","QDPR"
"MAG.2",1.59953519243073e-52,-0.274296705598938,0.265,0.598,3.19907038486146e-49,"11","MAG"
"TSC22D4.1",2.67372447950194e-52,-0.890228880705973,0.468,0.773,5.34744895900389e-49,"11","TSC22D4"
"GNG7",2.69571427569449e-50,-0.388985592300263,0.316,0.647,5.39142855138899e-47,"11","GNG7"
"SLAIN1.1",2.94338774369247e-50,-0.435548291051619,0.238,0.643,5.88677548738495e-47,"11","SLAIN1"
"DCX.1",1.40448065895153e-48,-0.396376684873329,0.158,0.57,2.80896131790306e-45,"11","DCX"
"CLEC14A",8.41543994084116e-48,1.3536549822909,0.633,0.31,1.68308798816823e-44,"11","CLEC14A"
"C3.1",1.49003975593046e-47,-0.71185042057312,0.585,0.849,2.98007951186093e-44,"11","C3"
"CD74.1",1.73293497254342e-47,-1.41626100856124,0.447,0.799,3.46586994508683e-44,"11","CD74"
"EFEMP1",3.93750904553475e-47,-0.395677241969626,0.432,0.768,7.87501809106949e-44,"11","EFEMP1"
"CP.3",1.14060581172346e-46,-0.334198737423103,0.374,0.718,2.28121162344692e-43,"11","CP"
"TAGLN3",4.74141194730814e-46,-0.271385311143993,0.053,0.546,9.48282389461628e-43,"11","TAGLN3"
"MYCT1",2.78705426173277e-45,0.937806170617835,0.646,0.367,5.57410852346553e-42,"11","MYCT1"
"SLPI.1",9.30916274132157e-45,-0.427232752397591,0.498,0.762,1.86183254826431e-41,"11","SLPI"
"MSMO1",6.22633340376732e-44,-0.540086931678447,0.512,0.779,1.24526668075346e-40,"11","MSMO1"
"FBXO32.2",3.81582962700183e-43,-0.440622279560123,0.58,0.841,7.63165925400367e-40,"11","FBXO32"
"KIF1A",4.23022998012021e-43,-0.430223788025854,0.352,0.631,8.46045996024043e-40,"11","KIF1A"
"ELAVL3.1",1.32043878119537e-39,-0.463803316872842,0.189,0.557,2.64087756239074e-36,"11","ELAVL3"
"CYYR1",1.72902399225836e-37,0.888460000768924,0.602,0.223,3.45804798451672e-34,"11","CYYR1"
"SLC16A3",3.11616404915894e-36,-0.303287443557241,0.466,0.804,6.23232809831789e-33,"11","SLC16A3"
"CNP.3",1.55500583693738e-35,-0.622159105764401,0.383,0.692,3.11001167387476e-32,"11","CNP"
"CACNA1A",4.30585070719484e-35,-0.276432125766487,0.299,0.589,8.61170141438969e-32,"11","CACNA1A"
"PLVAP",4.65410691521844e-34,0.537905040099533,0.607,0.355,9.30821383043688e-31,"11","PLVAP"
"ERRFI1",1.76362411498533e-33,-0.308300052947088,0.478,0.75,3.52724822997066e-30,"11","ERRFI1"
"NT5DC2",3.91320195713491e-33,0.251099237733486,0.755,0.504,7.82640391426982e-30,"11","NT5DC2"
"DACH1",2.31501453772534e-32,0.261495762701646,0.575,0.266,4.63002907545069e-29,"11","DACH1"
"DDIT3",3.03183632835057e-31,-0.454571980557407,0.451,0.714,6.06367265670113e-28,"11","DDIT3"
"NNAT.1",1.0260060632549e-28,-0.292477383743186,0.265,0.568,2.0520121265098e-25,"11","NNAT"
"LOX.2",1.36620769573864e-28,-0.556370825151332,0.575,0.848,2.73241539147728e-25,"11","LOX"
"TYMP.1",1.05784637725038e-27,-0.354722110760592,0.527,0.809,2.11569275450076e-24,"11","TYMP"
"METRN.1",2.15777066246465e-27,-0.364395365167436,0.318,0.61,4.31554132492931e-24,"11","METRN"
"RND2",4.49509867434467e-27,-0.296091343708672,0.252,0.573,8.99019734868934e-24,"11","RND2"
"WARS.2",8.83377602130829e-27,-0.35367202660183,0.558,0.813,1.76675520426166e-23,"11","WARS"
"BCL6B",5.92778499731274e-26,0.443452178513743,0.578,0.324,1.18555699946255e-22,"11","BCL6B"
"NKAIN4.1",1.6253459175452e-22,-0.35862289467287,0.24,0.539,3.2506918350904e-19,"11","NKAIN4"
"ASCL1.2",5.39531231514102e-21,-0.283542323125113,0.189,0.478,1.0790624630282e-17,"11","ASCL1"
"DPEP1",7.68947269903235e-18,0.399760725246494,0.517,0.112,1.53789453980647e-14,"11","DPEP1"
"IL1RL1",1.07886236803264e-16,0.606540674133158,0.527,0.256,2.15772473606529e-13,"11","IL1RL1"
"CLEC4E",1.52664749756147e-12,0.310203313322952,0.376,0.629,3.05329499512294e-09,"11","CLEC4E"
"TINAGL1",6.96255492024302e-09,0.487824109491092,0.507,0.224,1.3925109840486e-05,"11","TINAGL1"
