"GOID","Term","Class","Pvalue","p.adj","nlog10p.adj","OddsRatio","ExpCount","Count","Size","cluster"
"GO:0006910","phagocytosis, recognition","BP",0.00115118900480208,0.0709483148339987,1.1490579154565,48.4987080103359,0.0513092335418213,2,88,"7"
"GO:0030449","regulation of complement activation","BP",0.00195441734574951,0.0709483148339987,1.1490579154565,36.8574237954769,0.0670518392876073,2,115,"7"
"GO:0110024","positive regulation of cardiac muscle myoblast proliferation","BP",0.00233038406147346,0.0709483148339987,1.1490579154565,628.4,0.0023322378882646,1,4,"7"
"GO:0006911","phagocytosis, engulfment","BP",0.00233978272121036,0.0709483148339987,1.1490579154565,33.5681003584229,0.073465493480335,2,126,"7"
"GO:0002920","regulation of humoral immune response","BP",0.0026408651348749,0.0709483148339987,1.1490579154565,31.520202020202,0.0781299692568642,2,134,"7"
"GO:0050853","B cell receptor signaling pathway","BP",0.00267972484370211,0.0709483148339987,1.1490579154565,31.281537176274,0.0787130287289304,2,135,"7"
"GO:0099024","plasma membrane invagination","BP",0.00267972484370211,0.0709483148339987,1.1490579154565,31.281537176274,0.0787130287289304,2,135,"7"
"GO:0002433","immune response-regulating cell surface receptor signaling pathway involved in phagocytosis","BP",0.00283787284308744,0.0709483148339987,1.1490579154565,30.3617193836172,0.081045266617195,2,139,"7"
"GO:0038096","Fc-gamma receptor signaling pathway involved in phagocytosis","BP",0.00283787284308744,0.0709483148339987,1.1490579154565,30.3617193836172,0.081045266617195,2,139,"7"
"GO:0007386","compartment pattern specification","BP",0.00291220814032611,0.0709483148339987,1.1490579154565,471.275,0.00291529736033075,1,5,"7"
"GO:0006958","complement activation, classical pathway","BP",0.00291856855731681,0.0709483148339987,1.1490579154565,29.9216626698641,0.0822113855613273,2,141,"7"
"GO:0038094","Fc-gamma receptor signaling pathway","BP",0.00295932089831551,0.0709483148339987,1.1490579154565,29.7063492063492,0.0827944450333934,2,142,"7"
"GO:0010324","membrane invagination","BP",0.00300034253579911,0.0709483148339987,1.1490579154565,29.4940898345154,0.0833775045054596,2,143,"7"
"GO:0002431","Fc receptor mediated stimulatory signaling pathway","BP",0.00308319262295758,0.0709483148339987,1.1490579154565,29.0784770784771,0.0845436234495919,2,145,"7"
"GO:0050871","positive regulation of B cell activation","BP",0.00333817802267734,0.0709483148339987,1.1490579154565,27.8985831469053,0.0880419802819888,2,151,"7"
"GO:0002455","humoral immune response mediated by circulating immunoglobulin","BP",0.00351350943941733,0.0709483148339987,1.1490579154565,27.1633986928105,0.0903742181702534,2,155,"7"
"GO:0110021","cardiac muscle myoblast proliferation","BP",0.00407493100531686,0.0709483148339987,1.1490579154565,314.15,0.00408141630446306,1,7,"7"
"GO:0110022","regulation of cardiac muscle myoblast proliferation","BP",0.00407493100531686,0.0709483148339987,1.1490579154565,314.15,0.00408141630446306,1,7,"7"
"GO:0038095","Fc-epsilon receptor signaling pathway","BP",0.00416054932668511,0.0709483148339987,1.1490579154565,24.8675981370592,0.0985370507791795,2,169,"7"
"GO:0006956","complement activation","BP",0.00460367522120584,0.0745795385835347,1.12738030790478,23.584595959596,0.103784586027775,2,178,"7"
"GO:0050864","regulation of B cell activation","BP",0.00549793207630771,0.0848252377487476,1.07147491443764,21.4876223373633,0.113696597052899,2,195,"7"
"GO:2000288","positive regulation of myoblast proliferation","BP",0.00581670427818048,0.085664190278658,1.0672006858303,209.4,0.00583059472066151,1,10,"7"
"GO:0007268","chemical synaptic transmission","BP",0.00728744673049451,0.0875948552977286,1.05752140046914,9.47266713091922,0.420385879359695,3,721,"7"
"GO:0098916","anterograde trans-synaptic signaling","BP",0.00728744673049451,0.0875948552977286,1.05752140046914,9.47266713091922,0.420385879359695,3,721,"7"
"GO:0008037","cell recognition","BP",0.00731765258483192,0.0875948552977286,1.05752140046914,18.4831349206349,0.13177144068695,2,226,"7"
"GO:0016064","immunoglobulin mediated immune response","BP",0.0073803506100178,0.0875948552977286,1.05752140046914,18.4,0.132354500159016,2,227,"7"
"GO:0099537","trans-synaptic signaling","BP",0.00751364312311282,0.0875948552977286,1.05752140046914,9.36415289256198,0.425050355136224,3,729,"7"
"GO:0019724","B cell mediated immunity","BP",0.00756992576647037,0.0875948552977286,1.05752140046914,18.1549707602339,0.134103678575215,2,230,"7"
"GO:0099536","synaptic signaling","BP",0.00815746592560376,0.0894665952447497,1.04833908992342,9.07770721925134,0.437877663521679,3,751,"7"
"GO:0038093","Fc receptor signaling pathway","BP",0.00828394400414349,0.0894665952447497,1.04833908992342,17.3091585309159,0.140517332767942,2,241,"7"
"GO:0048339","paraxial mesoderm development","BP",0.0104479030085901,0.109197437896232,0.961787551380202,110.811764705882,0.0104950704971907,1,18,"7"
"GO:2000291","regulation of myoblast proliferation","BP",0.0139084219570176,0.135535330480611,0.867947480931772,81.8782608695652,0.0139934273295876,1,24,"7"
"GO:0050851","antigen receptor-mediated signaling pathway","BP",0.0146836937778203,0.135535330480611,0.867947480931772,12.749914000688,0.189494328421499,2,325,"7"
"GO:0006898","receptor-mediated endocytosis","BP",0.0149421890568018,0.135535330480611,0.867947480931772,12.6305385139741,0.191243506837697,2,328,"7"
"GO:0042113","B cell activation","BP",0.0149421890568018,0.135535330480611,0.867947480931772,12.6305385139741,0.191243506837697,2,328,"7"
"GO:0035235","ionotropic glutamate receptor signaling pathway","BP",0.0150594811645123,0.135535330480611,0.867947480931772,75.32,0.0151595462737199,1,26,"7"
"GO:0051450","myoblast proliferation","BP",0.0162093187650884,0.141941061618612,0.847891950879848,69.7333333333333,0.0163256652178522,1,28,"7"
"GO:0042742","defense response to bacterium","BP",0.0167162674015477,0.14209897636545,0.847409050576667,11.8876043673732,0.20290469627902,2,348,"7"
"GO:0007271","synaptic transmission, cholinergic","BP",0.0173579359256987,0.14209897636545,0.847409050576667,64.9172413793103,0.0174917841619845,1,30,"7"
"GO:0051251","positive regulation of lymphocyte activation","BP",0.0175430835019074,0.14209897636545,0.847409050576667,11.5805946791862,0.208152231527616,2,357,"7"
"GO:0002449","lymphocyte mediated immunity","BP",0.0183873363185829,0.144782580464899,0.839283687193139,11.2887667887668,0.213399766776211,2,366,"7"
"GO:0002460","adaptive immune response based on somatic recombination of immune receptors built from immunoglobulin superfamily domains","BP",0.0187681122824869,0.144782580464899,0.839283687193139,11.1636473429952,0.215732004664476,2,370,"7"
"GO:0006959","humoral immune response","BP",0.0194426325883128,0.146497975781706,0.83416837608058,10.9511111111111,0.219813420968939,2,377,"7"
"GO:0006909","phagocytosis","BP",0.0199307561049026,0.146762840408828,0.833383891615304,10.8040935672515,0.22272871832927,2,382,"7"
"GO:2000310","regulation of NMDA receptor activity","BP",0.0207964764224238,0.149734630241451,0.824677745525613,53.7714285714286,0.0209901409943814,1,36,"7"
"GO:0002696","positive regulation of leukocyte activation","BP",0.0223461402942892,0.157394553377168,0.803010300434188,10.1490649064906,0.236722145658857,2,406,"7"
"GO:0050867","positive regulation of cell activation","BP",0.0239156248619187,0.164865158622589,0.782871115227038,9.77777777777778,0.245468037739849,2,421,"7"
"GO:0120163","negative regulation of cold-induced thermogenesis","BP",0.0270720710303861,0.182736479455106,0.738174746327766,40.8891304347826,0.0274037951871091,1,47,"7"
"GO:0002697","regulation of immune effector process","BP",0.0293532406318115,0.194090815606264,0.711995014976868,8.73076923076923,0.274037951871091,2,470,"7"
"GO:0002429","immune response-activating cell surface receptor signaling pathway","BP",0.0306374872528656,0.194638154312323,0.710772022325152,8.52516817443749,0.280451606063819,2,481,"7"
"GO:0002757","immune response-activating signal transduction","BP",0.0306374872528656,0.194638154312323,0.710772022325152,8.52516817443749,0.280451606063819,2,481,"7"
"GO:0002768","immune response-regulating cell surface receptor signaling pathway","BP",0.0346251838405596,0.206167442953626,0.685779915492559,7.96137152777778,0.299692568642002,2,514,"7"
"GO:0051249","regulation of lymphocyte activation","BP",0.0347491289843013,0.206167442953626,0.685779915492559,7.94541910331384,0.300275628114068,2,515,"7"
"GO:0050900","leukocyte migration","BP",0.0348732543609708,0.206167442953626,0.685779915492559,7.92952875054042,0.300858687586134,2,516,"7"
"GO:0002764","immune response-regulating signaling pathway","BP",0.0349975597606465,0.206167442953626,0.685779915492559,7.91370010787486,0.3014417470582,2,517,"7"
"GO:1900449","regulation of glutamate receptor signaling pathway","BP",0.0366988263303472,0.212328923768437,0.672990841550344,29.8285714285714,0.0373158062122336,1,64,"7"
"GO:0034394","protein localization to cell surface","BP",0.0378256739946314,0.215009094285273,0.667543170250062,28.9076923076923,0.0384819251563659,1,66,"7"
"GO:0001756","somitogenesis","BP",0.0400757751046295,0.223871571274137,0.650001052569491,27.2260869565217,0.0408141630446305,1,70,"7"
"GO:0002253","activation of immune response","BP",0.0418379043561713,0.229753915447449,0.638737078667719,7.15453834115806,0.332343899077706,2,570,"7"
"GO:0000381","regulation of alternative mRNA splicing, via spliceosome","BP",0.0434419584176723,0.233715246188373,0.631312955902564,25.04,0.0443125198770275,1,76,"7"
"GO:0006342","chromatin silencing","BP",0.0440019444984282,0.233715246188373,0.631312955902564,24.7092105263158,0.0448955793490936,1,77,"7"
"GO:0099601","regulation of neurotransmitter receptor activity","BP",0.0451210226847458,0.235793731449317,0.627467744758988,24.0730769230769,0.0460616982932259,1,79,"7"
"GO:0002694","regulation of leukocyte activation","BP",0.0466171261490209,0.239745220194964,0.62025004260837,6.72636815920398,0.352750980600021,2,605,"7"
"GO:0000380","alternative mRNA splicing, via spliceosome","BP",0.0495854366802381,0.251026273193705,0.600280821523311,21.8244186046512,0.0507261740697551,1,87,"7"
"GO:0061053","somite development","BP",0.0506985711890861,0.252712877927137,0.59737262642124,21.3261363636364,0.0518922930138874,1,89,"7"
"GO:0050865","regulation of cell activation","BP",0.0530521286497361,0.260437722462341,0.584296111230082,6.24382716049383,0.378988656842998,2,650,"7"
"GO:0035249","synaptic transmission, glutamatergic","BP",0.0545852150248096,0.263964323403557,0.57845476705438,19.7473684210526,0.0559737093183505,1,96,"7"
"GO:0006897","endocytosis","BP",0.0567622845098464,0.265460264321258,0.576000477510995,6.00363216113588,0.393565143644652,2,675,"7"
"GO:0035282","segmentation","BP",0.0567996538236213,0.265460264321258,0.576000477510995,18.9454545454545,0.0583059472066151,1,100,"7"
"GO:0007215","glutamate receptor signaling pathway","BP",0.0573525262422472,0.265460264321258,0.576000477510995,18.755,0.0588890066786812,1,101,"7"
"GO:0007154","cell communication","BP",0.0585973403492221,0.267401947509126,0.572835434062116,3.10524573278399,3.96655358846602,7,6803,"7"
"GO:0002250","adaptive immune response","BP",0.0607192215567022,0.27323649700516,0.563461291120431,5.77205531711969,0.408724689918372,2,701,"7"
"GO:0048024","regulation of mRNA splicing, via spliceosome","BP",0.0639640545315535,0.283895255729087,0.546841865057426,16.7348214285714,0.065885720343475,1,113,"7"
"GO:0009617","response to bacterium","BP",0.0684378217757216,0.299646679126133,0.523390531066737,5.37938205585264,0.437294604049613,2,750,"7"
"GO:0046649","lymphocyte activation","BP",0.0708663011567547,0.303002260830536,0.518554131027189,5.26925877384593,0.446040496130605,2,765,"7"
"GO:0045814","negative regulation of gene expression, epigenetic","BP",0.071078948616438,0.303002260830536,0.518554131027189,14.984,0.073465493480335,1,126,"7"
"GO:0050778","positive regulation of immune response","BP",0.0720097965554052,0.303002260830536,0.518554131027189,5.21933621933622,0.450121912435068,2,772,"7"
"GO:0007498","mesoderm development","BP",0.0754328717099984,0.311953112295484,0.505910677140488,14.0766917293233,0.0781299692568642,1,134,"7"
"GO:0007267","cell-cell signaling","BP",0.0760626415782198,0.311953112295484,0.505910677140488,3.64240056818182,1.02793384925262,3,1763,"7"
"GO:0097549","chromatin organization involved in negative regulation of transcription","BP",0.0803088538830923,0.317850097598223,0.497777650880172,13.1781690140845,0.0833775045054596,1,143,"7"
"GO:0106106","cold-induced thermogenesis","BP",0.0808491840976565,0.317850097598223,0.497777650880172,13.0853146853147,0.0839605639775257,1,144,"7"
"GO:0120161","regulation of cold-induced thermogenesis","BP",0.0808491840976565,0.317850097598223,0.497777650880172,13.0853146853147,0.0839605639775257,1,144,"7"
"GO:0048870","cell motility","BP",0.0824580777660212,0.317850097598223,0.497777650880172,3.50995879120879,1.06291741757659,3,1823,"7"
"GO:0051674","localization of cell","BP",0.0824580777660212,0.317850097598223,0.497777650880172,3.50995879120879,1.06291741757659,3,1823,"7"
"GO:0016458","gene silencing","BP",0.0841328904513809,0.317850097598223,0.497777650880172,4.75402480865664,0.492102194423831,2,844,"7"
"GO:0050684","regulation of mRNA processing","BP",0.0851614476057291,0.317850097598223,0.497777650880172,12.3867549668874,0.0886250397540549,1,152,"7"
"GO:1990845","adaptive thermogenesis","BP",0.0867737988839822,0.317850097598223,0.497777650880172,12.1435064935065,0.0903742181702534,1,155,"7"
"GO:0034401","chromatin organization involved in regulation of transcription","BP",0.0873106749575365,0.317850097598223,0.497777650880172,12.0645161290323,0.0909572776423195,1,156,"7"
"GO:0043484","regulation of RNA splicing","BP",0.0873106749575365,0.317850097598223,0.497777650880172,12.0645161290323,0.0909572776423195,1,156,"7"
"GO:0002443","leukocyte mediated immunity","BP",0.0925602904886792,0.333217045759245,0.47727279030898,4.4856429463171,0.520089049083006,2,892,"7"
"GO:0001659","temperature homeostasis","BP",0.0969255100339836,0.341346361424029,0.466804722142575,10.7988439306358,0.10145234813951,1,174,"7"
"GO:0010469","regulation of signaling receptor activity","BP",0.0969255100339836,0.341346361424029,0.466804722142575,10.7988439306358,0.10145234813951,1,174,"7"
"GO:0061024","membrane organization","BP",0.101977281388751,0.350451422641281,0.455372172678571,4.22576079263977,0.550408141630446,2,944,"7"
"GO:0007166","cell surface receptor signaling pathway","BP",0.102385693332602,0.350451422641281,0.455372172678571,2.77982670517663,1.87686844058094,4,3219,"7"
"GO:2001257","regulation of cation channel activity","BP",0.102755818367042,0.350451422641281,0.455372172678571,10.1472826086957,0.107866002332238,1,185,"7"
"GO:0040011","locomotion","BP",0.104667050586057,0.352039791430516,0.453408244982075,3.13748137108793,1.17544789568536,3,2016,"7"
"GO:0030308","negative regulation of cell growth","BP",0.105394628915926,0.352039791430516,0.453408244982075,9.87619047619048,0.110781299692569,1,190,"7"
"GO:0007219","Notch signaling pathway","BP",0.108026382316446,0.357148447658454,0.447151233191217,9.61907216494845,0.113696597052899,1,195,"7"
"GO:0007626","locomotory behavior","BP",0.109602053995151,0.358697631256859,0.445271491279071,9.47106598984772,0.115445775469098,1,198,"7"
"GO:0045087","innate immune response","BP",0.111671504707439,0.361815675252103,0.441512621754754,3.9930695282808,0.580727234177886,2,996,"7"
"GO:0071456","cellular response to hypoxia","BP",0.114836035523703,0.366430951990841,0.436007849111492,9.00869565217391,0.121276370189759,1,208,"7"
"GO:0040029","regulation of gene expression, epigenetic","BP",0.115357892293413,0.366430951990841,0.436007849111492,8.96490384615385,0.121859429661826,1,209,"7"
"GO:0050776","regulation of immune response","BP",0.117573845442889,0.369843941004816,0.431981491764638,3.86558265582656,0.598802077811937,2,1027,"7"
"GO:0036294","cellular response to decreased oxygen levels","BP",0.120042032407219,0.372017102808607,0.429437093761479,8.5889400921659,0.127106964910421,1,218,"7"
"GO:0009952","anterior/posterior pattern specification","BP",0.120561098132419,0.372017102808607,0.429437093761479,8.54908256880734,0.127690024382487,1,219,"7"
"GO:0006457","protein folding","BP",0.126252478603057,0.385903802522552,0.413520942064971,8.13362445414847,0.134103678575215,1,230,"7"
"GO:0071453","cellular response to oxygen levels","BP",0.128828383432078,0.390097161046665,0.408827210278452,7.95769230769231,0.137018975935545,1,235,"7"
"GO:0002684","positive regulation of immune system process","BP",0.133791314166148,0.401373942498445,0.396450825661368,3.55936622543121,0.647196013993427,2,1110,"7"
"GO:0045926","negative regulation of growth","BP",0.138553985011071,0.411848542601717,0.385262466504753,7.35256916996047,0.148097105904802,1,254,"7"
"GO:0006928","movement of cell or subcellular component","BP",0.141255281203807,0.416061010091213,0.38084298090407,2.70588235294118,1.33987066680801,3,2298,"7"
"GO:0032412","regulation of ion transmembrane transporter activity","BP",0.144139378189455,0.42073115795841,0.375995324378689,7.04204545454545,0.15451076009753,1,265,"7"
"GO:0022898","regulation of transmembrane transporter activity","BP",0.149691829898939,0.433037079350502,0.363474915037257,6.75636363636364,0.160924414290258,1,276,"7"
"GO:0098542","defense response to other organism","BP",0.154659545209919,0.442923730797304,0.35367105062916,3.23772823194789,0.707251139616241,2,1213,"7"
"GO:0060485","mesenchyme development","BP",0.156711219950995,0.442923730797304,0.35367105062916,6.4242214532872,0.169087246899184,1,290,"7"
"GO:0032409","regulation of transporter activity","BP",0.157210583462006,0.442923730797304,0.35367105062916,6.40172413793103,0.16967030637125,1,291,"7"
"GO:0050768","negative regulation of neurogenesis","BP",0.15920535044496,0.444677013311785,0.351955319954865,6.31326530612245,0.172002544259514,1,295,"7"
"GO:0023052","signaling","BP",0.165324227587676,0.457820937935103,0.339304349228667,2.13815284744762,3.95547545849677,6,6784,"7"
"GO:0051961","negative regulation of nervous system development","BP",0.171084088869424,0.466066860722033,0.331551776100274,5.82924528301887,0.185995971589102,1,319,"7"
"GO:0007204","positive regulation of cytosolic calcium ion concentration","BP",0.172558153573142,0.466066860722033,0.331551776100274,5.77383177570093,0.187745150005301,1,322,"7"
"GO:0002252","immune effector process","BP",0.172617355822975,0.466066860722033,0.331551776100274,3.00830977469374,0.75739425421393,2,1299,"7"
"GO:0045321","leukocyte activation","BP",0.177278927551727,0.474697293609583,0.323583244316556,2.95442675427512,0.770221562599385,2,1321,"7"
"GO:0010721","negative regulation of cell development","BP",0.182810064750399,0.482312953248719,0.316671074281933,5.41315789473684,0.19998939891869,1,343,"7"
"GO:1903311","regulation of mRNA metabolic process","BP",0.183295358130939,0.482312953248719,0.316671074281933,5.39708454810496,0.200572458390756,1,344,"7"
"GO:1904062","regulation of cation transmembrane transport","BP",0.185717897441686,0.482312953248719,0.316671074281933,5.31810344827586,0.203487755751087,1,349,"7"
"GO:0003002","regionalization","BP",0.188616320694868,0.482312953248719,0.316671074281933,5.22627118644068,0.206986112583484,1,355,"7"
"GO:0051480","regulation of cytosolic calcium ion concentration","BP",0.189580375532943,0.482312953248719,0.316671074281933,5.19634831460674,0.208152231527616,1,357,"7"
"GO:0051241","negative regulation of multicellular organismal process","BP",0.19033179499784,0.482312953248719,0.316671074281933,2.81400966183575,0.80578819039542,2,1382,"7"
"GO:0001666","response to hypoxia","BP",0.190543388937765,0.482312953248719,0.316671074281933,5.16675977653631,0.209318350471748,1,359,"7"
"GO:0036293","response to decreased oxygen levels","BP",0.19629965591441,0.493031693924564,0.307125161748892,4.99594594594595,0.216315064136542,1,371,"7"
"GO:0000377","RNA splicing, via transesterification reactions with bulged adenosine as nucleophile","BP",0.205337676431588,0.507127070009338,0.294883206565314,4.74704370179949,0.227393194105799,1,390,"7"
"GO:0000398","mRNA splicing, via spliceosome","BP",0.205337676431588,0.507127070009338,0.294883206565314,4.74704370179949,0.227393194105799,1,390,"7"
"GO:0000375","RNA splicing, via transesterification reactions","BP",0.206756255385025,0.507127070009338,0.294883206565314,4.70994897959184,0.229142372521997,1,393,"7"
"GO:0070482","response to oxygen levels","BP",0.208172531824821,0.507127070009338,0.294883206565314,4.67341772151899,0.230891550938196,1,396,"7"
"GO:0001775","cell activation","BP",0.212081275551073,0.512793531929459,0.290057461385222,2.60885885885886,0.864094137602035,2,1482,"7"
"GO:0001558","regulation of cell growth","BP",0.219420255623123,0.526608613495494,0.278512041616259,4.4,0.244884978267783,1,420,"7"
"GO:0007389","pattern specification process","BP",0.235562954213249,0.551554070616882,0.258411905853942,4.05308370044053,0.265292059790099,1,455,"7"
"GO:0006874","cellular calcium ion homeostasis","BP",0.236019681577524,0.551554070616882,0.258411905853942,4.04395604395604,0.265875119262165,1,456,"7"
"GO:0051707","response to other organism","BP",0.23617832592465,0.551554070616882,0.258411905853942,2.41465631774002,0.927647620057246,2,1591,"7"
"GO:0043207","response to external biotic stimulus","BP",0.236623505604156,0.551554070616882,0.258411905853942,2.41134157413227,0.928813739001378,2,1593,"7"
"GO:0055074","calcium ion homeostasis","BP",0.241481093847349,0.556084461974806,0.254859239742157,3.93747323340471,0.272871832926959,1,468,"7"
"GO:0009607","response to biotic stimulus","BP",0.243758812897915,0.556084461974806,0.254859239742157,2.35941671801191,0.947471642107495,2,1625,"7"
"GO:0002682","regulation of immune system process","BP",0.248453154868175,0.556084461974806,0.254859239742157,2.3264395782644,0.959715891020884,2,1646,"7"
"GO:0016477","cell migration","BP",0.249348290418951,0.556084461974806,0.254859239742157,2.32025350593312,0.962048128909149,2,1650,"7"
"GO:0008380","RNA splicing","BP",0.250055778628173,0.556084461974806,0.254859239742157,3.77962962962963,0.283949962896215,1,487,"7"
"GO:0034765","regulation of ion transmembrane transport","BP",0.250953231380827,0.556084461974806,0.254859239742157,3.76372950819672,0.285116081840348,1,489,"7"
"GO:0016049","cell growth","BP",0.251401591529644,0.556084461974806,0.254859239742157,3.7558282208589,0.285699141312414,1,490,"7"
"GO:0072503","cellular divalent inorganic cation homeostasis","BP",0.252297579970051,0.556084461974806,0.254859239742157,3.74012219959267,0.286865260256546,1,492,"7"
"GO:0072507","divalent inorganic cation homeostasis","BP",0.260760976106048,0.570855109853781,0.243474107123475,3.59705882352941,0.297943390225803,1,511,"7"
"GO:0001501","skeletal system development","BP",0.263415476918775,0.570884507262228,0.243451742773351,3.55406976744186,0.3014417470582,1,517,"7"
"GO:0048871","multicellular organismal homeostasis","BP",0.264298382991772,0.570884507262228,0.243451742773351,3.53996138996139,0.302607866002332,1,519,"7"
"GO:0006397","mRNA processing","BP",0.279594322159707,0.599924240925465,0.221903589325308,3.30958408679928,0.323014947524647,1,554,"7"
"GO:0006952","defense response","BP",0.288501627546522,0.609052498086824,0.215345271165535,2.07744846932553,1.06350047704866,2,1824,"7"
"GO:0065007","biological regulation","BP",0.289221826551415,0.609052498086824,0.215345271165535,2.01620459258121,7.59726492102194,9,13030,"7"
"GO:0034762","regulation of transmembrane transport","BP",0.289487915757318,0.609052498086824,0.215345271165535,3.1734375,0.336425315382169,1,577,"7"
"GO:0006875","cellular metal ion homeostasis","BP",0.293750820654542,0.614033973497237,0.211807599389448,3.11757679180887,0.34225591010283,1,587,"7"
"GO:2000147","positive regulation of cell motility","BP",0.296297389549573,0.615386885987574,0.210851762888554,3.08496621621622,0.345754266935227,1,593,"7"
"GO:0007610","behavior","BP",0.30178634216664,0.619241623284922,0.208139859567706,3.01652892561983,0.353334040072087,1,606,"7"
"GO:0040017","positive regulation of locomotion","BP",0.302206952803888,0.619241623284922,0.208139859567706,3.01138613861386,0.353917099544154,1,607,"7"
"GO:0051272","positive regulation of cellular component movement","BP",0.303887092908341,0.619241623284922,0.208139859567706,2.99098360655738,0.356249337432418,1,611,"7"
"GO:0050794","regulation of cellular process","BP",0.310615015891367,0.628995407180018,0.20135252568932,1.73420860685631,6.6661189441323,8,11433,"7"
"GO:0043009","chordate embryonic development","BP",0.318020495420374,0.637497536771212,0.195521488962615,2.8277950310559,0.376073359482667,1,645,"7"
"GO:0042592","homeostatic process","BP",0.319900469997417,0.637497536771212,0.195521488962615,1.91444274463142,1.14454574366585,2,1963,"7"
"GO:0016043","cellular component organization","BP",0.321016424563199,0.637497536771212,0.195521488962615,1.57618974594899,3.8050461147037,5,6526,"7"
"GO:0055065","metal ion homeostasis","BP",0.32335513668638,0.637497536771212,0.195521488962615,2.76986301369863,0.383653132619527,1,658,"7"
"GO:0009792","embryo development ending in birth or egg hatching","BP",0.325396800092127,0.637497536771212,0.195521488962615,2.74818731117825,0.386568429979858,1,663,"7"
"GO:0030003","cellular cation homeostasis","BP",0.326619108345744,0.637497536771212,0.195521488962615,2.73533834586466,0.388317608396056,1,666,"7"
"GO:0006873","cellular ion homeostasis","BP",0.331892546484866,0.643911287790997,0.191173961641259,2.68097345132743,0.395897381532916,1,679,"7"
"GO:0040008","regulation of growth","BP",0.334716513074005,0.645524703785582,0.190087132928983,2.65255474452555,0.399978797837379,1,686,"7"
"GO:0043269","regulation of ion transport","BP",0.342725301471926,0.657059157851503,0.182395527286708,2.57446808510638,0.411639987278702,1,706,"7"
"GO:0071840","cellular component organization or biogenesis","BP",0.347541948936528,0.659148456578702,0.181016760501848,1.50762316249503,3.91641047386833,5,6717,"7"
"GO:0035195","gene silencing by miRNA","BP",0.347883907638759,0.659148456578702,0.181016760501848,2.52604456824513,0.419219760415562,1,719,"7"
"GO:0035194","post-transcriptional gene silencing by RNA","BP",0.351826990033684,0.660385041712545,0.180202772440245,2.48997252747253,0.425050355136224,1,729,"7"
"GO:0016441","posttranscriptional gene silencing","BP",0.352613000667501,0.660385041712545,0.180202772440245,2.48287671232877,0.426216474080356,1,731,"7"
"GO:0055080","cation homeostasis","BP",0.356530071953176,0.663883582257637,0.177908071258301,2.44797297297297,0.432047068801018,1,741,"7"
"GO:0098771","inorganic ion homeostasis","BP",0.360425585392481,0.665019962709947,0.177165317757575,2.414,0.437877663521679,1,751,"7"
"GO:0031047","gene silencing by RNA","BP",0.36236529132544,0.665019962709947,0.177165317757575,2.39735099337748,0.44079296088201,1,756,"7"
"GO:0016192","vesicle-mediated transport","BP",0.363297942591545,0.665019962709947,0.177165317757575,1.72299597647787,1.25707622177462,2,2156,"7"
"GO:0045596","negative regulation of cell differentiation","BP",0.367768051325821,0.666932476144619,0.175918134182794,2.3518855656697,0.448955793490936,1,770,"7"
"GO:0051179","localization","BP",0.368459608734219,0.666932476144619,0.175918134182794,1.4571185617104,4.00270327573412,5,6865,"7"
"GO:0044419","interspecies interaction between organisms","BP",0.384234761240148,0.68759909292589,0.162664704901711,1.6416567813365,1.31188381214884,2,2250,"7"
"GO:0006325","chromatin organization","BP",0.386725651720863,0.68759909292589,0.162664704901711,2.2021978021978,0.478108767094244,1,820,"7"
"GO:0050801","ion homeostasis","BP",0.388965487010876,0.68759909292589,0.162664704901711,2.18545454545455,0.481607123926641,1,826,"7"
"GO:0055082","cellular chemical homeostasis","BP",0.389338069030991,0.68759909292589,0.162664704901711,2.18268765133172,0.482190183398707,1,827,"7"
"GO:0009892","negative regulation of metabolic process","BP",0.390488373760382,0.68759909292589,0.162664704901711,1.478374836173,2.22612106434856,3,3818,"7"
"GO:0050767","regulation of neurogenesis","BP",0.396009326307225,0.690886274757917,0.160593434984522,2.13400473933649,0.492685253895897,1,845,"7"
"GO:0006955","immune response","BP",0.396619898472137,0.690886274757917,0.160593434984522,1.59635416666667,1.34453514258454,2,2306,"7"
"GO:0016071","mRNA metabolic process","BP",0.412398611335708,0.710729521663668,0.148295644837088,2.02092238470191,0.518922930138874,1,890,"7"
"GO:0098655","cation transmembrane transport","BP",0.412398611335708,0.710729521663668,0.148295644837088,2.02092238470191,0.518922930138874,1,890,"7"
"GO:0048584","positive regulation of response to stimulus","BP",0.431345050117391,0.739377383522158,0.131133837995734,1.47895520368115,1.43724159864306,2,2465,"7"
"GO:0051960","regulation of nervous system development","BP",0.436052224534629,0.739377383522158,0.131133837995734,1.87228033472803,0.557987914767306,1,957,"7"
"GO:0050789","regulation of biological process","BP",0.440469553676495,0.739377383522158,0.131133837995734,1.40261141685551,7.20894731262589,8,12364,"7"
"GO:0019725","cellular homeostasis","BP",0.440884061129755,0.739377383522158,0.131133837995734,1.84381443298969,0.566150747376232,1,971,"7"
"GO:0008284","positive regulation of cell population proliferation","BP",0.44362818304633,0.739377383522158,0.131133837995734,1.82791411042945,0.570815223152762,1,979,"7"
"GO:0040007","growth","BP",0.444995647490188,0.739377383522158,0.131133837995734,1.82006109979633,0.573147461041026,1,983,"7"
"GO:0060284","regulation of cell development","BP",0.444995647490188,0.739377383522158,0.131133837995734,1.82006109979633,0.573147461041026,1,983,"7"
"GO:0006950","response to stress","BP",0.450784730401401,0.745174758418643,0.127741864544931,1.32507814378456,2.42669352273932,3,4162,"7"
"GO:2000145","regulation of cell motility","BP",0.470076430344226,0.773120626555985,0.111752739767919,1.68382213812677,0.616876921445987,1,1058,"7"
"GO:0009790","embryo development","BP",0.472689958429372,0.773492659248063,0.111543803571837,1.67042253521127,0.621541397222517,1,1066,"7"
"GO:0051093","negative regulation of developmental process","BP",0.477881892582416,0.778058960787451,0.108987491218025,1.64421831637373,0.630870348775575,1,1082,"7"
"GO:0040012","regulation of locomotion","BP",0.48270707906928,0.781985468092233,0.106801317510478,1.62034671532847,0.639616240856567,1,1097,"7"
"GO:0048583","regulation of response to stimulus","BP",0.492317996755867,0.782086681249487,0.106745109980958,1.23196022727273,2.56721085550726,3,4403,"7"
"GO:0034622","cellular protein-containing complex assembly","BP",0.494436377458217,0.782086681249487,0.106745109980958,1.56416593115622,0.661189441323015,1,1134,"7"
"GO:0010629","negative regulation of gene expression","BP",0.494832714316147,0.782086681249487,0.106745109980958,1.29369673580962,1.61274249973497,2,2766,"7"
"GO:0048519","negative regulation of biological process","BP",0.495269007030013,0.782086681249487,0.106745109980958,1.20240839173997,3.54383547121806,4,6078,"7"
"GO:0051716","cellular response to stimulus","BP",0.496693236171789,0.782086681249487,0.106745109980958,1.19591889448534,4.51754478956854,5,7748,"7"
"GO:0051270","regulation of cellular component movement","BP",0.497252643016649,0.782086681249487,0.106745109980958,1.55105078809107,0.66643697657161,1,1143,"7"
"GO:0034220","ion transmembrane transport","BP",0.505000936040687,0.790436247715858,0.102133152147628,1.51568123393316,0.681013463373264,1,1168,"7"
"GO:0006812","cation transport","BP",0.508986997957553,0.792691724958701,0.100895675455562,1.4978813559322,0.688593236510124,1,1181,"7"
"GO:0010608","posttranscriptional regulation of gene expression","BP",0.514457992577064,0.792691724958701,0.100895675455562,1.47387312186978,0.699088307007315,1,1199,"7"
"GO:0048646","anatomical structure formation involved in morphogenesis","BP",0.515364417996477,0.792691724958701,0.100895675455562,1.4699417152373,0.700837485423513,1,1202,"7"
"GO:0032879","regulation of localization","BP",0.516959279301145,0.792691724958701,0.100895675455562,1.2361836253239,1.67629598219018,2,2875,"7"
"GO:0048878","chemical homeostasis","BP",0.518674832380385,0.792691724958701,0.100895675455562,1.45569306930693,0.707251139616241,1,1213,"7"
"GO:0007165","signal transduction","BP",0.524938510735372,0.797006521286495,0.0985381250942852,1.14750660953596,3.6569490087989,4,6272,"7"
"GO:0009628","response to abiotic stimulus","BP",0.526417887516389,0.797006521286495,0.0985381250942852,1.42302100161551,0.722410685889961,1,1239,"7"
"GO:0051276","chromosome organization","BP",0.530540156846213,0.79951167822406,0.0971751882639296,1.40599041533546,0.730573518498887,1,1253,"7"
"GO:0009605","response to external stimulus","BP",0.537005062076531,0.805507593114797,0.0939303613498976,1.18665471120078,1.73518498886886,2,2976,"7"
"GO:0045892","negative regulation of transcription, DNA-templated","BP",0.550102475975162,0.820930568240482,0.0856935726066859,1.32840909090909,0.770221562599385,1,1321,"7"
"GO:0060429","epithelium development","BP",0.552354518137115,0.820930568240482,0.0856935726066859,1.31980421686747,0.774886038375914,1,1329,"7"
"GO:1903507","negative regulation of nucleic acid-templated transcription","BP",0.562087206276581,0.828611598337285,0.0816489920386557,1.28334556126192,0.79529311989823,1,1364,"7"
"GO:1902679","negative regulation of RNA biosynthetic process","BP",0.562637505043835,0.828611598337285,0.0816489920386557,1.28131868131868,0.796459238842362,1,1366,"7"
"GO:0009987","cellular process","BP",0.566725837853934,0.830855979478165,0.0804742502695287,Inf,10.4466765610092,11,17917,"7"
"GO:0051253","negative regulation of RNA metabolic process","BP",0.589104380464206,0.859773960677489,0.065615712167752,1.18790983606557,0.854182126576911,1,1465,"7"
"GO:0006396","RNA processing","BP",0.594014115064253,0.861725809135488,0.0646308995143671,1.1714093054619,0.865260256546168,1,1484,"7"
"GO:0002376","immune system process","BP",0.595761053229473,0.861725809135488,0.0646308995143671,1.05327245053272,1.91651648468144,2,3287,"7"
"GO:0048523","negative regulation of cellular process","BP",0.610712327919068,0.869109761680023,0.0609253721339226,1.00382702808112,2.99167815117142,3,5131,"7"
"GO:0045934","negative regulation of nucleobase-containing compound metabolic process","BP",0.61508762164555,0.869109761680023,0.0609253721339226,1.10325462667518,0.914237252199724,1,1568,"7"
"GO:0048699","generation of neurons","BP",0.61557702067894,0.869109761680023,0.0609253721339226,1.10172084130019,0.915403371143857,1,1570,"7"
"GO:0051239","regulation of multicellular organismal process","BP",0.616291732788968,0.869109761680023,0.0609253721339226,1.01013071895425,1.98356832396904,2,3402,"7"
"GO:0010467","gene expression","BP",0.620304519040013,0.869109761680023,0.0609253721339226,0.986224416035028,4.03535460616983,4,6921,"7"
"GO:0016070","RNA metabolic process","BP",0.62317394257737,0.869109761680023,0.0609253721339226,0.982125719769674,3.03948902788084,3,5213,"7"
"GO:2000113","negative regulation of cellular macromolecule biosynthetic process","BP",0.623330862696064,0.869109761680023,0.0609253721339226,1.07770143660212,0.934061274249974,1,1602,"7"
"GO:0006810","transport","BP",0.624830159227798,0.869109761680023,0.0609253721339226,0.979266424056694,3.04590268207357,3,5224,"7"
"GO:0055085","transmembrane transport","BP",0.625007945899523,0.869109761680023,0.0609253721339226,1.07257462686567,0.938142690554437,1,1609,"7"
"GO:0010558","negative regulation of macromolecule biosynthetic process","BP",0.63679108708679,0.877567283690052,0.0567195759275648,1.03721351025332,0.967295664157744,1,1659,"7"
"GO:0022008","neurogenesis","BP",0.640259803805375,0.877567283690052,0.0567195759275648,1.0270173341303,0.976041556238736,1,1674,"7"
"GO:0051234","establishment of localization","BP",0.643826231744983,0.877567283690052,0.0567195759275648,0.946859226023556,3.12053429449804,3,5352,"7"
"GO:0006811","ion transport","BP",0.645292798670008,0.877567283690052,0.0567195759275648,1.01238938053097,0.988868864624192,1,1696,"7"
"GO:0010605","negative regulation of macromolecule metabolic process","BP",0.646413859215978,0.877567283690052,0.0567195759275648,0.949478001491424,2.08618679105269,2,3578,"7"
"GO:0065003","protein-containing complex assembly","BP",0.64755929076337,0.877567283690052,0.0567195759275648,1.0058651026393,0.994699459344853,1,1706,"7"
"GO:0031327","negative regulation of cellular biosynthetic process","BP",0.651605825882857,0.877567283690052,0.0567195759275648,0.994312246082414,1.00519452984204,1,1724,"7"
"GO:0010468","regulation of gene expression","BP",0.654426773675248,0.877567283690052,0.0567195759275648,0.929062154186647,3.16309763595887,3,5425,"7"
"GO:0006351","transcription, DNA-templated","BP",0.657788782165443,0.877567283690052,0.0567195759275648,0.927297668038409,2.12641789462525,2,3647,"7"
"GO:0009890","negative regulation of biosynthetic process","BP",0.658475971691195,0.877567283690052,0.0567195759275648,0.97497149372862,1.02326937347609,1,1755,"7"
"GO:0042127","regulation of cell population proliferation","BP",0.660884003766582,0.877567283690052,0.0567195759275648,0.968271954674221,1.02968302766882,1,1766,"7"
"GO:0097659","nucleic acid-templated transcription","BP",0.666519112956001,0.880592874938483,0.055224832829955,0.91051635577183,2.15790310611682,2,3701,"7"
"GO:0032774","RNA biosynthetic process","BP",0.668598293934774,0.880592874938483,0.055224832829955,0.906549329501916,2.16548287925368,2,3714,"7"
"GO:0051049","regulation of transport","BP",0.672694265876999,0.882400575482379,0.0543342173303994,0.935989010989011,1.06175129863246,1,1821,"7"
"GO:0051252","regulation of RNA metabolic process","BP",0.683216793155268,0.89258968138027,0.0493481380483823,0.87896043217988,2.21970741015584,2,3807,"7"
"GO:0090304","nucleic acid metabolic process","BP",0.693984402995781,0.901460818309055,0.0450531449947899,0.864156151419558,3.32868652602565,3,5709,"7"
"GO:0048522","positive regulation of cellular process","BP",0.695729317742309,0.901460818309055,0.0450531449947899,0.861339394999126,3.33626629916251,3,5722,"7"
"GO:0045595","regulation of cell differentiation","BP",0.698353905541892,0.901460818309055,0.0450531449947899,0.868910585817061,1.1352167921128,1,1947,"7"
"GO:0034613","cellular protein localization","BP",0.70553351530213,0.902169388538493,0.0447119130112617,0.850832072617247,1.15678999257924,1,1984,"7"
"GO:0043933","protein-containing complex subunit organization","BP",0.70553351530213,0.902169388538493,0.0447119130112617,0.850832072617247,1.15678999257924,1,1984,"7"
"GO:0070727","cellular macromolecule localization","BP",0.707256249039436,0.902169388538493,0.0447119130112617,0.846536144578313,1.16203752782784,1,1993,"7"
"GO:0008283","cell population proliferation","BP",0.717401670195056,0.907572208944415,0.0421188112521492,0.821554252199413,1.19352273931941,1,2047,"7"
"GO:0050896","response to stimulus","BP",0.721444553658779,0.907572208944415,0.0421188112521492,0.839454913233259,5.47959291847768,5,9398,"7"
"GO:0019219","regulation of nucleobase-containing compound metabolic process","BP",0.722839092881571,0.907572208944415,0.0421188112521492,0.806503532749543,2.37596734866956,2,4075,"7"
"GO:0065008","regulation of biological quality","BP",0.726625908661862,0.907572208944415,0.0421188112521492,0.799728997289973,2.39170995441535,2,4102,"7"
"GO:0033554","cellular response to stress","BP",0.727047357443,0.907572208944415,0.0421188112521492,0.798284897570272,1.22442489133892,1,2100,"7"
"GO:0009888","tissue development","BP",0.728298686189962,0.907572208944415,0.0421188112521492,0.795299145299145,1.22850630764338,1,2107,"7"
"GO:0034654","nucleobase-containing compound biosynthetic process","BP",0.736678187334731,0.914497060139667,0.0388176863244397,0.781851585589903,2.43427329587618,2,4175,"7"
"GO:0018130","heterocycle biosynthetic process","BP",0.745003468563118,0.916110343343291,0.03805221342934,0.767152039879313,2.47042298314428,2,4237,"7"
"GO:0048468","cell development","BP",0.745782515042696,0.916110343343291,0.03805221342934,0.75432714091527,1.28739531432206,1,2208,"7"
"GO:0019438","aromatic compound biosynthetic process","BP",0.7464602797612,0.916110343343291,0.03805221342934,0.764588894122573,2.47683663733701,2,4248,"7"
"GO:2000026","regulation of multicellular organismal development","BP",0.749618142829802,0.916514257648513,0.0378607745971153,0.745515695067265,1.30080568217958,1,2231,"7"
"GO:0006139","nucleobase-containing compound metabolic process","BP",0.758649359017522,0.924069144066455,0.0342955312008624,0.761391031822565,3.62954521361179,3,6225,"7"
"GO:1901362","organic cyclic compound biosynthetic process","BP",0.766220849067854,0.929796086509306,0.0316122860847344,0.730050505050505,2.5666277960352,2,4402,"7"
"GO:0048518","positive regulation of biological process","BP",0.772427749311005,0.933223335748291,0.0300144099768681,0.739713069525461,3.70009540973179,3,6346,"7"
"GO:0046483","heterocycle metabolic process","BP",0.778296062912052,0.933223335748291,0.0300144099768681,0.73047607879925,3.7309975617513,3,6399,"7"
"GO:0051128","regulation of cellular component organization","BP",0.780526140088131,0.933223335748291,0.0300144099768681,0.676565074135091,1.41625145764868,1,2429,"7"
"GO:0006725","cellular aromatic compound metabolic process","BP",0.783198890190749,0.933223335748291,0.0300144099768681,0.722752678155566,3.75723523799428,3,6444,"7"
"GO:0007399","nervous system development","BP",0.783446750998565,0.933223335748291,0.0300144099768681,0.670220588235294,1.42791264709,1,2449,"7"
"GO:0051172","negative regulation of nitrogen compound metabolic process","BP",0.800645167528746,0.950216242781369,0.0221775501217932,0.633372228704784,1.49962896215414,1,2572,"7"
"GO:1901360","organic cyclic compound metabolic process","BP",0.807518691148341,0.954876116540375,0.020052969141732,0.684269662921348,3.89367115445775,3,6678,"7"
"GO:0006366","transcription by RNA polymerase II","BP",0.815842602323851,0.957791318222189,0.0187291038827666,0.601450892857143,1.56784692038588,1,2689,"7"
"GO:0031324","negative regulation of cellular metabolic process","BP",0.826333193966828,0.957791318222189,0.0187291038827666,0.579704397981255,1.61799003498357,1,2775,"7"
"GO:0008104","protein localization","BP",0.827870819662481,0.957791318222189,0.0187291038827666,0.576533907427341,1.62556980812043,1,2788,"7"
"GO:0050793","regulation of developmental process","BP",0.828223894077798,0.957791318222189,0.0187291038827666,0.575806451612903,1.62731898653663,1,2791,"7"
"GO:0044271","cellular nitrogen compound biosynthetic process","BP",0.828281823489648,0.957791318222189,0.0187291038827666,0.622876607951235,2.89197498144811,2,4960,"7"
"GO:0034645","cellular macromolecule biosynthetic process","BP",0.828576947483383,0.957791318222189,0.0187291038827666,0.6223655624986,2.89372415986431,2,4963,"7"
"GO:0009653","anatomical structure morphogenesis","BP",0.830677038334676,0.957791318222189,0.0187291038827666,0.570757737459979,1.63956323545002,1,2812,"7"
"GO:0060255","regulation of macromolecule metabolic process","BP",0.838866827909077,0.959228405522819,0.0180779690051664,0.633792267085176,4.08841301812785,3,7012,"7"
"GO:0034641","cellular nitrogen compound metabolic process","BP",0.839218729622267,0.959228405522819,0.0180779690051664,0.633216882931698,4.09074525601611,3,7016,"7"
"GO:0009059","macromolecule biosynthetic process","BP",0.84080514558173,0.959228405522819,0.0180779690051664,0.601122246239165,2.96835577228877,2,5091,"7"
"GO:0022607","cellular component assembly","BP",0.852494360163679,0.969151483133446,0.0136083352844536,0.526203918963799,1.75617512986325,1,3012,"7"
"GO:0065009","regulation of molecular function","BP",0.859700285820103,0.973926197922075,0.0114739517965134,0.511579630230295,1.79815541185201,1,3084,"7"
"GO:0033036","macromolecule localization","BP",0.868164766848709,0.980088447592271,0.00873472985040396,0.494419924337957,1.8500477048659,1,3173,"7"
"GO:0009966","regulation of signal transduction","BP",0.872265385365035,0.981298558535664,0.00819883910549005,0.486105066832453,1.87628538110887,1,3218,"7"
"GO:0044085","cellular component biogenesis","BP",0.875725088850103,0.98178176051015,0.00798504046122045,0.479084766584767,1.89902470051945,1,3257,"7"
"GO:0019222","regulation of metabolic process","BP",0.881618321703129,0.983828673961213,0.00708052395837593,0.561506622516556,4.40384819251564,3,7553,"7"
"GO:0070887","cellular response to chemical stimulus","BP",0.885355375236949,0.983828673961213,0.00708052395837593,0.459495548961424,1.96549348033499,1,3371,"7"
"GO:0006355","regulation of transcription, DNA-templated","BP",0.892933302972611,0.983828673961213,0.00708052395837593,0.44399884593191,2.02146718965334,1,3467,"7"
"GO:0051641","cellular localization","BP",0.894905746269552,0.983828673961213,0.00708052395837593,0.439948453608247,2.03662673592706,1,3493,"7"
"GO:1903506","regulation of nucleic acid-templated transcription","BP",0.897729164685852,0.983828673961213,0.00708052395837593,0.43413597733711,2.05878299586558,1,3531,"7"
"GO:2001141","regulation of RNA biosynthetic process","BP",0.898095487721108,0.983828673961213,0.00708052395837593,0.433380480905233,2.06169829322591,1,3536,"7"
"GO:0010646","regulation of cell communication","BP",0.904832856236519,0.983828673961213,0.00708052395837593,0.419421487603306,2.11708894307219,1,3631,"7"
"GO:0023051","regulation of signaling","BP",0.907546446032116,0.983828673961213,0.00708052395837593,0.413760217983651,2.14041132195484,1,3671,"7"
"GO:0048513","animal organ development","BP",0.907747101489141,0.983828673961213,0.00708052395837593,0.413340593520283,2.14216050037104,1,3674,"7"
"GO:0051171","regulation of nitrogen compound metabolic process","BP",0.907915967637045,0.983828673961213,0.00708052395837593,0.478681089922308,3.48669564295558,2,5980,"7"
"GO:0044249","cellular biosynthetic process","BP",0.915088033642458,0.983857516772045,0.00706779197535245,0.46443788921665,3.55899501749178,2,6104,"7"
"GO:0080090","regulation of primary metabolic process","BP",0.918929634528605,0.983857516772045,0.00706779197535245,0.4566501044142,3.59980918053641,2,6174,"7"
"GO:1901576","organic substance biosynthetic process","BP",0.920531594699598,0.983857516772045,0.00706779197535245,0.45336629761009,3.6173009646984,2,6204,"7"
"GO:0009058","biosynthetic process","BP",0.924979713197933,0.983857516772045,0.00706779197535245,0.444126378286684,3.66744407929609,2,6290,"7"
"GO:2000112","regulation of cellular macromolecule biosynthetic process","BP",0.926850940423479,0.983857516772045,0.00706779197535245,0.372556390977444,2.32699035301601,1,3991,"7"
"GO:0031323","regulation of cellular metabolic process","BP",0.929747532056163,0.983857516772045,0.00706779197535245,0.434003306360393,3.7240008480865,2,6387,"7"
"GO:0006996","organelle organization","BP",0.929876861798784,0.983857516772045,0.00706779197535245,0.36590066716086,2.36022474292378,1,4048,"7"
"GO:0010556","regulation of macromolecule biosynthetic process","BP",0.932235363114252,0.983857516772045,0.00706779197535245,0.360664549230393,2.38704547863882,1,4094,"7"
"GO:0031326","regulation of cellular biosynthetic process","BP",0.939933496973211,0.986686136731136,0.00582097373694008,0.343229901269394,2.48091805364147,1,4255,"7"
"GO:0009889","regulation of biosynthetic process","BP",0.94375397367719,0.986686136731136,0.00582097373694008,0.334346924671735,2.53164422771123,1,4342,"7"
"GO:0030154","cell differentiation","BP",0.944051550576087,0.986686136731136,0.00582097373694008,0.333647654093836,2.53572564401569,1,4349,"7"
"GO:0048869","cellular developmental process","BP",0.947352250807311,0.986687603765328,0.00582032801551296,0.325813008130081,2.58237040178098,1,4429,"7"
"GO:0043170","macromolecule metabolic process","BP",0.950143618440686,0.986687603765328,0.00582032801551296,0.440621561418105,6.20958337750451,4,10650,"7"
"GO:0042221","response to chemical","BP",0.960000006512808,0.993738025911022,0.00272809135393809,0.294126254180602,2.78993957383653,1,4785,"7"
"GO:0048731","system development","BP",0.967416806586183,0.994474814268783,0.00240621119474452,0.273810467882633,2.94153503657373,1,5045,"7"
"GO:0032501","multicellular organismal process","BP",0.978454921670057,0.994474814268783,0.00240621119474452,0.303631191432396,4.64698399236722,2,7970,"7"
"GO:0007275","multicellular organism development","BP",0.979552593322437,0.994474814268783,0.00240621119474452,0.235677407868969,3.27562811406764,1,5618,"7"
"GO:0044260","cellular macromolecule metabolic process","BP",0.985072999026423,0.994474814268783,0.00240621119474452,0.276231263383298,4.9023640411322,2,8408,"7"
"GO:0071704","organic substance metabolic process","BP",0.98618374037106,0.994474814268783,0.00240621119474452,0.316366889537621,7.07834199088307,4,12140,"7"
"GO:0048856","anatomical structure development","BP",0.986575407553916,0.994474814268783,0.00240621119474452,0.208390578999019,3.56540867168451,1,6115,"7"
"GO:0006807","nitrogen compound metabolic process","BP",0.98806429632075,0.994474814268783,0.00240621119474452,0.291662738072789,6.18567793914979,3,10609,"7"
"GO:0032502","developmental process","BP",0.991616163636871,0.994474814268783,0.00240621119474452,0.183619133574007,3.87676242976784,1,6649,"7"
"GO:0008152","metabolic process","BP",0.992345529497614,0.994474814268783,0.00240621119474452,0.276806802078413,7.40835365207251,4,12706,"7"
"GO:0044238","primary metabolic process","BP",0.992658872991338,0.994474814268783,0.00240621119474452,0.261649108589951,6.47720767518287,3,11109,"7"
"GO:0044237","cellular metabolic process","BP",0.994474814268783,0.994474814268783,0.00240621119474452,0.24626570600123,6.63754903000106,3,11384,"7"
"GO:0034987","immunoglobulin receptor binding","MF",0.000516586591183461,0.0309951954710077,1.50870562042832,78.0598290598291,0.03487358326068,2,80,"7"
"GO:0001055","RNA polymerase II activity","MF",0.00174268168929947,0.03374408690495,1.47180231911562,873.380952380952,0.001743679163034,1,4,"7"
"GO:0004971","AMPA glutamate receptor activity","MF",0.00174268168929947,0.03374408690495,1.47180231911562,873.380952380952,0.001743679163034,1,4,"7"
"GO:0003823","antigen binding","MF",0.00224960579366333,0.03374408690495,1.47180231911562,36.5020080321285,0.0732345248474281,2,168,"7"
"GO:0005102","signaling receptor binding","MF",0.00348149231822442,0.041777907818693,1.37905331269338,10.0639324487334,0.724498692240628,4,1662,"7"
"GO:0033130","acetylcholine receptor binding","MF",0.00522007483999076,0.0522007483999076,1.2823232704916,238.090909090909,0.00523103748910201,1,12,"7"
"GO:0004970","ionotropic glutamate receptor activity","MF",0.00825409445244241,0.0702697691282756,1.15323147333742,145.444444444444,0.00828247602441151,1,19,"7"
"GO:0005112","Notch binding","MF",0.0112800140940131,0.0702697691282756,1.15323147333742,104.68,0.011333914559721,1,26,"7"
"GO:0008066","glutamate receptor activity","MF",0.0117116281880459,0.0702697691282756,1.15323147333742,100.648351648352,0.0117698343504795,1,27,"7"
"GO:0044183","protein folding chaperone","MF",0.0117116281880459,0.0702697691282756,1.15323147333742,100.648351648352,0.0117698343504795,1,27,"7"
"GO:0003899","DNA-directed 5'-3' RNA polymerase activity","MF",0.0173076275989811,0.0878025517720954,1.05649286217549,67.0512820512821,0.01743679163034,1,40,"7"
"GO:0034062","5'-3' RNA polymerase activity","MF",0.0190238862172873,0.0878025517720954,1.05649286217549,60.8006644518272,0.019180470793374,1,44,"7"
"GO:0097747","RNA polymerase activity","MF",0.0190238862172873,0.0878025517720954,1.05649286217549,60.8006644518272,0.019180470793374,1,44,"7"
"GO:0022824","transmitter-gated ion channel activity","MF",0.0258627218791045,0.103450887516418,0.985265779122658,44.273607748184,0.02615518744551,1,60,"7"
"GO:0022835","transmitter-gated channel activity","MF",0.0258627218791045,0.103450887516418,0.985265779122658,44.273607748184,0.02615518744551,1,60,"7"
"GO:0005230","extracellular ligand-gated ion channel activity","MF",0.0318124446859107,0.116764377645809,0.932689631123393,35.7553816046967,0.032258064516129,1,74,"7"
"GO:0001540","amyloid-beta binding","MF",0.0330832403329793,0.116764377645809,0.932689631123393,34.3383458646617,0.0335658238884045,1,77,"7"
"GO:0099094","ligand-gated cation channel activity","MF",0.0461295817180212,0.1496334245136,0.82497138467728,24.3484646194927,0.047079337401918,1,108,"7"
"GO:0030594","neurotransmitter receptor activity","MF",0.0473839177626399,0.1496334245136,0.82497138467728,23.6805194805195,0.0483870967741935,1,111,"7"
"GO:0003730","mRNA 3'-UTR binding","MF",0.0498882607651322,0.149664782295397,0.824880381715424,22.448275862069,0.0510026155187445,1,117,"7"
"GO:0016779","nucleotidyltransferase activity","MF",0.0565383667985856,0.153969484437468,0.812565344446837,19.7099567099567,0.0579773321708806,1,133,"7"
"GO:0015276","ligand-gated ion channel activity","MF",0.0590216357010296,0.153969484437468,0.812565344446837,18.8467908902692,0.0605928509154316,1,139,"7"
"GO:0022834","ligand-gated channel activity","MF",0.0590216357010296,0.153969484437468,0.812565344446837,18.8467908902692,0.0605928509154316,1,139,"7"
"GO:0008022","protein C-terminus binding","MF",0.0794941302121218,0.198735325530305,0.701724929471483,13.7963525835866,0.0823888404533566,1,189,"7"
"GO:0005515","protein binding","MF",0.0962301533142062,0.230952367954095,0.636477580574288,Inf,5.97079337401918,8,13697,"7"
"GO:0042277","peptide binding","MF",0.126658637273864,0.292289162939687,0.534187286465153,8.39320614239181,0.134263295553618,1,308,"7"
"GO:0005261","cation channel activity","MF",0.136677280741834,0.295343102193801,0.529673167735442,7.72672672672673,0.145597210113339,1,334,"7"
"GO:0022836","gated channel activity","MF",0.137826781023774,0.295343102193801,0.529673167735442,7.65646258503401,0.146904969485615,1,337,"7"
"GO:0033218","amide binding","MF",0.154532929442493,0.315829962446637,0.500546671325896,6.75338345864662,0.166085440278989,1,381,"7"
"GO:0140098","catalytic activity, acting on RNA","MF",0.157914981223319,0.315829962446637,0.500546671325896,6.59383033419023,0.170008718395815,1,390,"7"
"GO:0005216","ion channel activity","MF",0.173172764012156,0.328847239721806,0.483005799170757,5.9514950166113,0.187881429816914,1,431,"7"
"GO:0003779","actin binding","MF",0.175385194518296,0.328847239721806,0.483005799170757,5.86762778505898,0.190496948561465,1,437,"7"
"GO:0015267","channel activity","MF",0.190727700105949,0.337217527824695,0.472089859789561,5.33950986252241,0.208805579773322,1,479,"7"
"GO:0022803","passive transmembrane transporter activity","MF",0.191089932433994,0.337217527824695,0.472089859789561,5.32806441992246,0.20924149956408,1,480,"7"
"GO:0003729","mRNA binding","MF",0.225559323682736,0.381731132776911,0.418242418930002,4.40674603174603,0.251525719267655,1,577,"7"
"GO:0022890","inorganic cation transmembrane transporter activity","MF",0.229038679666147,0.381731132776911,0.418242418930002,4.32910775231594,0.25588491717524,1,587,"7"
"GO:0008324","cation transmembrane transporter activity","MF",0.245549898173862,0.398189024065722,0.399910715311591,3.99053627760252,0.276809067131648,1,635,"7"
"GO:0005509","calcium ion binding","MF",0.27072947104214,0.426643905436267,0.369934453838453,3.55329437840016,0.309503051438535,1,710,"7"
"GO:0005198","structural molecule activity","MF",0.277318538533573,0.426643905436267,0.369934453838453,3.45189104448364,0.318221447253705,1,730,"7"
"GO:0015318","inorganic molecular entity transmembrane transporter activity","MF",0.306329075350221,0.459493613025332,0.337720520941923,3.05686377114949,0.35745422842197,1,820,"7"
"GO:0015075","ion transmembrane transporter activity","MF",0.323861196759718,0.466631979224718,0.33102550145114,2.85208163265306,0.381865736704446,1,876,"7"
"GO:0016772","transferase activity, transferring phosphorus-containing groups","MF",0.326642385457303,0.466631979224718,0.33102550145114,2.82159017453135,0.385789014821273,1,885,"7"
"GO:0008092","cytoskeletal protein binding","MF",0.355394553140285,0.495899376474816,0.304606437774058,2.53392674740989,0.42720139494333,1,980,"7"
"GO:0046983","protein dimerization activity","MF",0.368343249622476,0.502286249485195,0.299048710859849,2.41879625750593,0.446381865736704,1,1024,"7"
"GO:0022857","transmembrane transporter activity","MF",0.379916701232539,0.506555601643385,0.295372877724048,2.32240290283564,0.463818657367044,1,1064,"7"
"GO:0005488","binding","MF",0.412223478257874,0.533477436839011,0.272883944118672,Inf,7.16129032258065,8,16428,"7"
"GO:0005215","transporter activity","MF",0.417890658857225,0.533477436839011,0.272883944118672,2.04277374002145,0.523103748910201,1,1200,"7"
"GO:0004888","transmembrane signaling receptor activity","MF",0.44110123518313,0.551376543978913,0.25855171308915,1.89491224172406,0.56102877070619,1,1287,"7"
"GO:0038023","signaling receptor activity","MF",0.489479542171746,0.587375450606095,0.2310842087991,1.63019524453895,0.644725370531822,1,1479,"7"
"GO:0060089","molecular transducer activity","MF",0.489479542171746,0.587375450606095,0.2310842087991,1.63019524453895,0.644725370531822,1,1479,"7"
"GO:0003676","nucleic acid binding","MF",0.593087254714141,0.692830207735654,0.159373185126243,1.08835154615206,1.87576285963383,2,4303,"7"
"GO:0003723","RNA binding","MF",0.600452846704233,0.692830207735654,0.159373185126243,1.17600115033432,0.866608544027899,1,1988,"7"
"GO:0016740","transferase activity","MF",0.65077611344627,0.736727675599551,0.132693015316273,1.01668773704172,0.985614646904969,1,2261,"7"
"GO:0003677","DNA binding","MF",0.68987327508755,0.766525861208389,0.115473188245179,0.906630814119801,1.08892763731473,1,2498,"7"
"GO:1901363","heterocyclic compound binding","MF",0.813376719633229,0.879333160205985,0.055846549015297,0.651156550206623,2.70836965998256,2,6213,"7"
"GO:0097159","organic cyclic compound binding","MF",0.820710949525586,0.879333160205985,0.055846549015297,0.637711079349955,2.74585876198779,2,6299,"7"
"GO:0046872","metal ion binding","MF",0.87704392434648,0.913285089745321,0.0393936325680001,0.476956345452088,1.8435047951177,1,4229,"7"
"GO:0043169","cation binding","MF",0.882842253420477,0.913285089745321,0.0393936325680001,0.464741148024246,1.88055797733217,1,4314,"7"
"GO:0003824","catalytic activity","MF",0.948130001275106,0.964200001296718,0.015832872268945,0.31916179730002,2.47297297297297,1,5673,"7"
"GO:0043167","ion binding","MF",0.964994692696006,0.964994692696006,0.0154750751942142,0.274431301182894,2.73801220575414,1,6281,"7"
"GO:0042571","immunoglobulin complex, circulating","CC",0.000657127375391161,0.0526687522918725,1.27844696983643,65.7939189189189,0.0388567922695434,2,76,"7"
"GO:0009897","external side of plasma membrane","CC",0.00103272063317397,0.0526687522918725,1.27844696983643,19.8084886128364,0.213201083899995,3,417,"7"
"GO:0016013","syntrophin complex","CC",0.00204368307908021,0.0559974899059659,1.25183143985844,723.925925925926,0.00204509432997597,1,4,"7"
"GO:0072562","blood microparticle","CC",0.00245935687655726,0.0559974899059659,1.25183143985844,33.2243150684931,0.0756684902091109,2,148,"7"
"GO:0019814","immunoglobulin complex","CC",0.00297281101591908,0.0559974899059659,1.25183143985844,30.1055900621118,0.0833375939465208,2,163,"7"
"GO:0098552","side of membrane","CC",0.00329396999446858,0.0559974899059659,1.25183143985844,13.0411116214975,0.319545989058745,3,625,"7"
"GO:0098843","postsynaptic endocytic zone","CC",0.00510216009791964,0.074345761426829,1.12874378627332,241.234567901235,0.00511273582493993,1,10,"7"
"GO:0005665","RNA polymerase II, core complex","CC",0.00764444385304974,0.0897049160156181,1.04718375606456,155.039682539683,0.00766910373740989,1,15,"7"
"GO:0009986","cell surface","CC",0.00947721473694264,0.0897049160156181,1.04718375606456,8.78830740216879,0.466281507234521,3,912,"7"
"GO:0016010","dystrophin-associated glycoprotein complex","CC",0.00967405957031175,0.0897049160156181,1.04718375606456,120.561728395062,0.00971419806738586,1,19,"7"
"GO:0090665","glycoprotein complex","CC",0.00967405957031175,0.0897049160156181,1.04718375606456,120.561728395062,0.00971419806738586,1,19,"7"
"GO:0032281","AMPA glutamate receptor complex","CC",0.0132168992494176,0.11234364362005,0.949451494841036,86.7733333333333,0.0132931131448438,1,26,"7"
"GO:0008328","ionotropic glutamate receptor complex","CC",0.0247774907820908,0.166553006488987,0.778447523346314,45.1412037037037,0.0250524055422056,1,49,"7"
"GO:0098878","neurotransmitter receptor complex","CC",0.0257769757248811,0.166553006488987,0.778447523346314,43.3311111111111,0.0260749527071936,1,51,"7"
"GO:0060076","excitatory synapse","CC",0.0262763723951059,0.166553006488987,0.778447523346314,42.479302832244,0.0265862262896876,1,52,"7"
"GO:0045202","synapse","CC",0.0276513410281179,0.166553006488987,0.778447523346314,5.75912639797426,0.693798251444348,3,1357,"7"
"GO:0043025","neuronal cell body","CC",0.0277588344148311,0.166553006488987,0.778447523346314,9.14855769230769,0.266884810061864,2,522,"7"
"GO:0044297","cell body","CC",0.0350346423166634,0.198529639794426,0.702174645383417,8.03347457627119,0.302673960836444,2,592,"7"
"GO:0016591","RNA polymerase II, holoenzyme","CC",0.0396732971242216,0.212982963508979,0.671655134354456,27.7364672364672,0.0403906130170254,1,79,"7"
"GO:0098839","postsynaptic density membrane","CC",0.0460643085093678,0.219820633712819,0.6579315444556,23.7582417582418,0.0470371695894473,1,92,"7"
"GO:0098797","plasma membrane protein complex","CC",0.0468359432087182,0.219820633712819,0.6579315444556,6.8125,0.354823866250831,2,694,"7"
"GO:0032587","ruffle membrane","CC",0.0475337101196266,0.219820633712819,0.6579315444556,22.9964539007092,0.0485709903369293,1,95,"7"
"GO:0055029","nuclear DNA-directed RNA polymerase complex","CC",0.051442160724994,0.219820633712819,0.6579315444556,21.1840958605664,0.0526611789968812,1,103,"7"
"GO:0000428","DNA-directed RNA polymerase complex","CC",0.0519297007328446,0.219820633712819,0.6579315444556,20.9773462783172,0.0531724525793752,1,104,"7"
"GO:0030880","RNA polymerase complex","CC",0.0538776063021614,0.219820633712819,0.6579315444556,20.1889927310488,0.0552175469093512,1,108,"7"
"GO:0099634","postsynaptic specialization membrane","CC",0.0587316214087236,0.230408668603454,0.637501185596806,18.4539411206078,0.0603302827342911,1,118,"7"
"GO:0036477","somatodendritic compartment","CC",0.0686102964914648,0.2591944534122,0.586374296313206,5.45274212368728,0.43918400736234,2,859,"7"
"GO:0030666","endocytic vesicle membrane","CC",0.0807726855744265,0.271563850688954,0.566128041796485,13.2147239263804,0.0838488675290148,1,164,"7"
"GO:0030054","cell junction","CC",0.0827217176086671,0.271563850688954,0.566128041796485,3.58010936431989,1.07009560815993,3,2093,"7"
"GO:0031256","leading edge membrane","CC",0.0859740610348454,0.271563850688954,0.566128041796485,12.3722860791826,0.0894728769364487,1,175,"7"
"GO:0043197","dendritic spine","CC",0.0859740610348454,0.271563850688954,0.566128041796485,12.3722860791826,0.0894728769364487,1,175,"7"
"GO:0044309","neuron spine","CC",0.0869169146632898,0.271563850688954,0.566128041796485,12.2304292929293,0.0904954241014367,1,177,"7"
"GO:0001726","ruffle","CC",0.0878588928699556,0.271563850688954,0.566128041796485,12.0917602996255,0.0915179712664247,1,179,"7"
"GO:0120025","plasma membrane bounded cell projection","CC",0.0953653799687105,0.286096139906131,0.543488001785007,3.34876980548757,1.13553862671916,3,2221,"7"
"GO:0005789","endoplasmic reticulum membrane","CC",0.105693580198849,0.293381548550217,0.532567203426642,4.19295454545455,0.56342348790838,2,1102,"7"
"GO:0042995","cell projection","CC",0.105823445391084,0.293381548550217,0.532567203426642,3.18581289288796,1.18666598496856,3,2321,"7"
"GO:0034703","cation channel complex","CC",0.107439487847935,0.293381548550217,0.532567203426642,9.76212121212121,0.112991461731172,1,221,"7"
"GO:0042175","nuclear outer membrane-endoplasmic reticulum membrane network","CC",0.109299008283414,0.293381548550217,0.532567203426642,4.10583778966132,0.574671506723248,2,1124,"7"
"GO:0032991","protein-containing complex","CC",0.119944436114618,0.304952637385838,0.515767606290005,2.55695050946143,2.81251597729945,5,5501,"7"
"GO:0061695","transferase complex, transferring phosphorus-containing groups","CC",0.122103225872808,0.304952637385838,0.515767606290005,8.50837742504409,0.12935221637098,1,253,"7"
"GO:0043227","membrane-bounded organelle","CC",0.122579001302151,0.304952637385838,0.515767606290005,4.20779220779221,6.81527685464492,9,13330,"7"
"GO:0098590","plasma membrane region","CC",0.128022971549957,0.30718224473562,0.512603890320834,3.71370640713706,0.631422874380081,2,1235,"7"
"GO:0045211","postsynaptic membrane","CC",0.134306712926275,0.30718224473562,0.512603890320834,7.6742333731581,0.143156603098318,1,280,"7"
"GO:0098796","membrane protein complex","CC",0.141131544958543,0.30718224473562,0.512603890320834,3.48642966360856,0.66976839306713,2,1310,"7"
"GO:0034702","ion channel complex","CC",0.142802602119059,0.30718224473562,0.512603890320834,7.17785234899329,0.152870801165704,1,299,"7"
"GO:0098802","plasma membrane signaling receptor complex","CC",0.146357312528348,0.30718224473562,0.512603890320834,6.98729121278141,0.156960989825656,1,307,"7"
"GO:0030139","endocytic vesicle","CC",0.149014632893447,0.30718224473562,0.512603890320834,6.85078347578348,0.16002863132062,1,313,"7"
"GO:0043005","neuron projection","CC",0.151312703041257,0.30718224473562,0.512603890320834,3.33040293040293,0.698910987269288,2,1367,"7"
"GO:1902495","transmembrane transporter complex","CC",0.152986655856001,0.30718224473562,0.512603890320834,6.65559016960886,0.164630093563066,1,322,"7"
"GO:1990351","transporter complex","CC",0.156503326716486,0.30718224473562,0.512603890320834,6.49105032083756,0.168720282223018,1,330,"7"
"GO:0014069","postsynaptic density","CC",0.159569628334501,0.30718224473562,0.512603890320834,6.35350529100529,0.172299197300475,1,337,"7"
"GO:0005730","nucleolus","CC",0.161481801688149,0.30718224473562,0.512603890320834,3.18930330752991,0.727542307888951,2,1423,"7"
"GO:0032279","asymmetric synapse","CC",0.162189898173846,0.30718224473562,0.512603890320834,6.24009096816114,0.175366838795439,1,343,"7"
"GO:0031253","cell projection membrane","CC",0.162625894271799,0.30718224473562,0.512603890320834,6.22157434402332,0.175878112377933,1,344,"7"
"GO:0099572","postsynaptic specialization","CC",0.170006652539089,0.315159475605039,0.501469630816276,5.92253086419753,0.184569763280331,1,361,"7"
"GO:0098984","neuron to neuron synapse","CC",0.173028731704727,0.315159475605039,0.501469630816276,5.80744777475023,0.188148678357789,1,368,"7"
"GO:0097060","synaptic membrane","CC",0.181181662293615,0.324219816735943,0.489160444033927,5.51611974668969,0.197862876425175,1,387,"7"
"GO:0031252","cell leading edge","CC",0.195590764816438,0.343969965711666,0.463479476891091,5.06058201058201,0.215246178229971,1,421,"7"
"GO:0043226","organelle","CC",0.223071404020115,0.385648867966978,0.413807939126861,3.1564983071927,7.404264021678,9,14482,"7"
"GO:0043235","receptor complex","CC",0.235453557278236,0.400271047373001,0.397645822387738,4.09026434558349,0.264839715731888,1,518,"7"
"GO:0030425","dendrite","CC",0.272762068130573,0.45000027885363,0.346787217103422,3.43809005083515,0.313410706068817,1,613,"7"
"GO:0097447","dendritic tree","CC",0.273529581263971,0.45000027885363,0.346787217103422,3.42652913499819,0.314433253233805,1,615,"7"
"GO:0098794","postsynapse","CC",0.283062176891607,0.458291143538792,0.338858535400634,3.28812380455573,0.327215092796155,1,640,"7"
"GO:0098588","bounding membrane of organelle","CC",0.296713793324593,0.47288760811107,0.3252420664022,2.05639452571968,1.08441126846976,2,2121,"7"
"GO:0070062","extracellular exosome","CC",0.30588100109672,0.475826206789566,0.322551642267929,2.00739030023095,1.10792985326448,2,2167,"7"
"GO:0005886","plasma membrane","CC",0.32736912833349,0.475826206789566,0.322551642267929,1.62217538929868,2.91323687305077,4,5698,"7"
"GO:0000139","Golgi membrane","CC",0.329414852504056,0.475826206789566,0.322551642267929,2.7282498184459,0.391635564190398,1,766,"7"
"GO:1903561","extracellular vesicle","CC",0.330185042431338,0.475826206789566,0.322551642267929,1.88696982947092,1.17030523032875,2,2289,"7"
"GO:0043230","extracellular organelle","CC",0.33058303838968,0.475826206789566,0.322551642267929,1.88510266491918,1.17132777749374,2,2291,"7"
"GO:1990234","transferase complex","CC",0.331197279732191,0.475826206789566,0.322551642267929,2.70981240981241,0.394191932102868,1,771,"7"
"GO:0030659","cytoplasmic vesicle membrane","CC",0.33581165257112,0.475826206789566,0.322551642267929,2.66297715339861,0.40083848867529,1,784,"7"
"GO:0071944","cell periphery","CC",0.342920226327586,0.475826206789566,0.322551642267929,1.57686348769151,2.97203333503758,4,5813,"7"
"GO:0012506","vesicle membrane","CC",0.343555354925698,0.475826206789566,0.322551642267929,2.5871635610766,0.412086507490158,1,806,"7"
"GO:0031982","vesicle","CC",0.347191487555958,0.475826206789566,0.322551642267929,1.62994032994033,2.08241730149803,3,4073,"7"
"GO:0016020","membrane","CC",0.349872210874681,0.475826206789566,0.322551642267929,1.56859564671411,4.88879799580756,6,9562,"7"
"GO:0005634","nucleus","CC",0.399561056375434,0.536252996714398,0.270630267855442,1.42212860859869,4.12904545222148,5,8076,"7"
"GO:1902494","catalytic complex","CC",0.51686466899202,0.684677873210208,0.164513707035534,1.47321500932004,0.701467355181758,1,1372,"7"
"GO:0016021","integral component of membrane","CC",0.543007756777191,0.686532436603806,0.163338938827439,1.13978178317377,2.73275729843039,3,5345,"7"
"GO:0031981","nuclear lumen","CC",0.559379036519045,0.686532436603806,0.163338938827439,1.10757504321861,2.79001993966972,3,5457,"7"
"GO:0031224","intrinsic component of membrane","CC",0.567188908728838,0.686532436603806,0.163338938827439,1.09251478369125,2.81762871312439,3,5511,"7"
"GO:0031090","organelle membrane","CC",0.569374040557634,0.686532436603806,0.163338938827439,1.1193611655926,1.82575796308605,2,3571,"7"
"GO:0005794","Golgi apparatus","CC",0.573903598165354,0.686532436603806,0.163338938827439,1.24815741899597,0.817526458407894,1,1599,"7"
"GO:0005615","extracellular space","CC",0.576873544618859,0.686532436603806,0.163338938827439,1.10231045932485,1.84876527429828,2,3616,"7"
"GO:0005887","integral component of plasma membrane","CC",0.586083975847942,0.686532436603806,0.163338938827439,1.20531986531987,0.844112684697582,1,1651,"7"
"GO:0043229","intracellular organelle","CC",0.60119248408055,0.686532436603806,0.163338938827439,1.08782719567989,6.82038959046986,7,13340,"7"
"GO:0098805","whole membrane","CC",0.601985682888959,0.686532436603806,0.163338938827439,1.15174418604651,0.879901835472161,1,1721,"7"
"GO:0043231","intracellular membrane-bounded organelle","CC",0.602919598278295,0.686532436603806,0.163338938827439,1.05075678496868,5.8806687458459,6,11502,"7"
"GO:0031226","intrinsic component of plasma membrane","CC",0.604211894804113,0.686532436603806,0.163338938827439,1.14444444444444,0.885014571297101,1,1731,"7"
"GO:0043232","intracellular non-membrane-bounded organelle","CC",0.604517765755887,0.686532436603806,0.163338938827439,1.02294327294327,2.95260493890281,3,5775,"7"
"GO:0043228","non-membrane-bounded organelle","CC",0.605763914650417,0.686532436603806,0.163338938827439,1.02068351990511,2.95720640114525,3,5784,"7"
"GO:0005654","nucleoplasm","CC",0.634387923223095,0.711072177678634,0.148086313789811,0.979187625754527,2.0338463111611,2,3978,"7"
"GO:0031974","membrane-enclosed lumen","CC",0.707381847139418,0.754897609710432,0.122111949765903,0.846446507380916,3.36111253131551,3,6574,"7"
"GO:0043233","organelle lumen","CC",0.707381847139418,0.754897609710432,0.122111949765903,0.846446507380916,3.36111253131551,3,6574,"7"
"GO:0070013","intracellular organelle lumen","CC",0.707381847139418,0.754897609710432,0.122111949765903,0.846446507380916,3.36111253131551,3,6574,"7"
"GO:0005856","cytoskeleton","CC",0.70852350740709,0.754897609710432,0.122111949765903,0.84703229917169,1.15956848509638,1,2268,"7"
"GO:0012505","endomembrane system","CC",0.717960391103862,0.754897609710432,0.122111949765903,0.818484914735461,2.33958791349251,2,4576,"7"
"GO:0005576","extracellular region","CC",0.729163423370166,0.754897609710432,0.122111949765903,0.798091357495175,2.38509126233448,2,4665,"7"
"GO:0031410","cytoplasmic vesicle","CC",0.732070175856538,0.754897609710432,0.122111949765903,0.789432467293164,1.233703154558,1,2413,"7"
"GO:0097708","intracellular vesicle","CC",0.732694738836595,0.754897609710432,0.122111949765903,0.787941501103753,1.23574824888798,1,2417,"7"
"GO:0005622","intracellular","CC",0.831981690075592,0.848621323877104,0.0712860596236025,0.675726191261517,7.75397515210389,7,15166,"7"
"GO:0110165","cellular anatomical entity","CC",0.899044927830206,0.907946362759218,0.0419398068156371,Inf,9.89416636842374,10,19352,"7"
"GO:0005737","cytoplasm","CC",0.94076983459356,0.94076983459356,0.0265166165226061,0.455291551882461,5.94099902858019,4,11620,"7"
